id;link;titulo;categorias_json;tipos_linguagens;publico_tag;unidade
1254110;https://www.sescsp.org.br/programacao/mini-tenis-de-mesa-metro-barra-funda;Mini Tênis de Mesa - Metrô Barra Funda;;Encontros e Palestras|Esporte e Atividade Física;Diversas idades;Casa Verde
1254879;https://www.sescsp.org.br/programacao/bolsa-de-croche;Bolsa de crochê;;Encontros e Palestras|Tecnologias e Artes;Diversas idades;Casa Verde
1254297;https://www.sescsp.org.br/programacao/jogo-poullball-na-brasilandia;Jogo Poullball na Brasilândia;;Encontros e Palestras|Esporte e Atividade Física;Diversas idades;Casa Verde
1254746;https://www.sescsp.org.br/programacao/vaisy-alencar-trio-3;Vaisy Alencar Trio;;Shows, Espetáculos e Performances|Música;Diversas idades;Casa Verde
1254104;https://www.sescsp.org.br/programacao/vivencia-de-skate-13;Vivência de Skate;;Encontros e Palestras|Esporte e Atividade Física;Diversas idades;Casa Verde
1254113;https://www.sescsp.org.br/programacao/treino-de-corrida-3;Treino de corrida;;Encontros e Palestras|Esporte e Atividade Física;Diversas idades;Casa Verde
1252995;https://www.sescsp.org.br/programacao/cenarios-brincantes-cidades-e-pessoas;Cenários Brincantes - Cidades e Pessoas;;Encontros e Palestras|Ações para a Cidadania;Crianças;Casa Verde
1254058;https://www.sescsp.org.br/programacao/move-flow-7;Move Flow;;Encontros e Palestras|Esporte e Atividade Física;Diversas idades;Casa Verde
1254088;https://www.sescsp.org.br/programacao/pickleball-para-mulheres;Pickleball para mulheres;;Encontros e Palestras|Esporte e Atividade Física;Diversas idades;Casa Verde
1254756;https://www.sescsp.org.br/programacao/madame-curie-3;Madame Curie;;Shows, Espetáculos e Performances|Teatro;Diversas idades;Casa Verde
1254377;https://www.sescsp.org.br/programacao/casa-zen-yoga-e-meditacao-com-veena;Casa Zen: Yoga e meditação com Veena;;Encontros e Palestras|Esporte e Atividade Física;Diversas idades;Casa Verde
1254841;https://www.sescsp.org.br/programacao/digital-de-bolso-verdade-em-disputa-na-era-da-desinformacao;Digital de Bolso: Verdade em disputa na era da desinformação;;Cursos e Oficinas|Ações para a Cidadania|Tecnologias e Artes;Diversas idades;Casa Verde
1254084;https://www.sescsp.org.br/programacao/vivencia-de-rope-skipping-5;Vivência de Rope Skipping;;Encontros e Palestras|Esporte e Atividade Física;Diversas idades;Casa Verde
1254844;https://www.sescsp.org.br/programacao/mostra-tecnologias-de-todos-os-tempos-80-anos;Mostra Tecnologias de Todos os Tempos - 80 anos;;Exposições;Diversas idades;Casa Verde
1252971;https://www.sescsp.org.br/programacao/tudo-e-feito-de-brincar-e-para-brincar;Tudo é feito de brincar e para brincar;;Encontros e Palestras|Ações para a Cidadania;Crianças;Casa Verde
1238416;https://www.sescsp.org.br/programacao/papeleta-kirigami;PapelETA: Kirigami;;Encontros e Palestras|Tecnologias e Artes;Jovens|Adulto;Casa Verde
1254776;https://www.sescsp.org.br/programacao/camisa-de-croche;Camisa de Crochê;;Cursos e Oficinas|Tecnologias e Artes;Diversas idades;Casa Verde
1267318;https://www.sescsp.org.br/programacao/mariana-rodrigues-convida-fabio-leal;Mariana Rodrigues convida Fábio Leal;;Shows, Espetáculos e Performances|Música;Adulto|Diversas idades;Casa Verde
1266052;https://www.sescsp.org.br/programacao/clemente-2;Clemente;;Shows, Espetáculos e Performances|Música;Diversas idades;Casa Verde
1254764;https://www.sescsp.org.br/programacao/entre-nos-impressao-botanica-em-tecido;Entre Nós: Impressão botânica em tecido;;Cursos e Oficinas|Tecnologias e Artes;Diversas idades;Casa Verde
1267332;https://www.sescsp.org.br/programacao/manutencao-maquinas-de-costura-turma-1;Manutenção Máquinas de Costura [Turma 1];;Cursos e Oficinas|Tecnologias e Artes;Jovens|Adulto|Pessoas idosas;Casa Verde
1108252;https://www.sescsp.org.br/programacao/pickleball-27;Vivência de Pickleball;;Esporte e Atividade Física|Programa Sesc de Esportes;Diversas idades;Casa Verde
1267272;https://www.sescsp.org.br/programacao/irae-garcia-3;Iraê Garcia;;Shows, Espetáculos e Performances|Música;Adulto|Diversas idades;Casa Verde
1266228;https://www.sescsp.org.br/programacao/trupe-trupe-10;Trupe Trupé;;Shows, Espetáculos e Performances;Crianças;Casa Verde
1267052;https://www.sescsp.org.br/programacao/casa-zen-autonomia-na-pratica-de-yoga-aprendendo-a-escutar-o-corpo;"Casa Zen: ""Autonomia na prática de Yoga: aprendendo a escutar o corpo""";;Esporte e Atividade Física|Práticas Corporais;Adulto|Pessoas idosas;Casa Verde
1267421;https://www.sescsp.org.br/programacao/parque-naturalizado-exploracao-e-aventura;Parque Naturalizado - exploração e aventura;;Encontros e Palestras|Ações para a Cidadania;Crianças;Casa Verde
1267557;https://www.sescsp.org.br/programacao/maquiagem-artistica-e-efeitos-especiais;Maquiagem Artística e Efeitos Especiais;;Cursos e Oficinas|Tecnologias e Artes;Diversas idades;Casa Verde
1267026;https://www.sescsp.org.br/programacao/calendario-dos-sabores-uma-jornada-em-4-estacoes-primavera;Calendário dos sabores. Uma jornada em 4 estações: Primavera;;Cursos e Oficinas|Alimentação;Adulto|Pessoas idosas;Casa Verde
1267965;https://www.sescsp.org.br/programacao/quintetinho-caracaxa-5;Quintetinho Caracaxá;;Shows, Espetáculos e Performances|Música;Crianças|Adulto|Diversas idades;Casa Verde
533335;https://www.sescsp.org.br/programacao/treino-coletivo-de-gmf;Treino Coletivo de Ginástica Multifuncional;;Esporte e Atividade Física|Práticas Corporais;Jovens|Adulto|Pessoas idosas;Casa Verde
1267270;https://www.sescsp.org.br/programacao/oficina-de-torta-salgada-com-pancs-plantas-alimenticias-nao-convencionais;Oficina de torta salgada com pancs (plantas alimentícias não convencionais);;Cursos e Oficinas|Alimentação;Jovens|Adulto|Pessoas idosas|Diversas idades;Casa Verde
1266665;https://www.sescsp.org.br/programacao/carpinteiros-em-domicilio-4;Carpinteiros em Domicílio;;Shows, Espetáculos e Performances|Circo;Crianças|Diversas idades;Casa Verde
1267075;https://www.sescsp.org.br/programacao/introducao-ao-textil-andino-de-duas-faces;Introdução ao têxtil andino de duas faces;;Cursos e Oficinas|Tecnologias e Artes;Jovens|Adulto|Pessoas idosas|Diversas idades;Casa Verde
1265850;https://www.sescsp.org.br/programacao/oficina-de-dancas-circulares-inspire-a-danca-expire-e-dance;"Oficina de Danças Circulares ""Inspire a Dança, Expire e Dance""";;Cursos e Oficinas|Esporte e Atividade Física;Adulto|Pessoas idosas;Casa Verde
1267373;https://www.sescsp.org.br/programacao/casa-zen-move-flow;Casa Zen: Move Flow;;Esporte e Atividade Física|Práticas Corporais;Jovens|Adulto|Pessoas idosas;Casa Verde
1126407;https://www.sescsp.org.br/programacao/ateliarte-historia-da-arte-estudo-teoria-e-analise-4;AteliArte: História da Arte: Estudo, teoria e análise;;Cursos e Oficinas|Tecnologias e Artes;Diversas idades;Casa Verde
1267433;https://www.sescsp.org.br/programacao/brincar-de-ginastica-2;Brincar De Ginástica;;Esporte e Atividade Física|Práticas Corporais;Diversas idades;Casa Verde
1267307;https://www.sescsp.org.br/programacao/brincando-com-sol-e-toda-natureza;Brincando com sol e toda natureza;;Encontros e Palestras|Ações para a Cidadania;Crianças;Casa Verde
1265857;https://www.sescsp.org.br/programacao/roda-aberta-de-dancas-circulares-inspire-a-danca-expire-e-dance;"Roda Aberta de Danças Circulares ""Inspire a Dança, Expire e Dance""";;Encontros e Palestras|Esporte e Atividade Física;Jovens|Adulto|Pessoas idosas|Diversas idades;Casa Verde
1225979;https://www.sescsp.org.br/programacao/yoga-tercas-e-quintas-as-15h;Yoga - terças e quintas às 15h;;Esporte e Atividade Física|Práticas Corporais;Jovens|Adulto;Casa Verde
1267975;https://www.sescsp.org.br/programacao/trio-sambasonics-acustico-2;Trio Sambasonics Acústico;;Shows, Espetáculos e Performances|Música;Adulto|Diversas idades;Casa Verde
1267287;https://www.sescsp.org.br/programacao/historia-e-biodiversidade-alimentar-abelhas-nativas-sem-ferrao;História e Biodiversidade Alimentar: abelhas nativas sem ferrão;;Cursos e Oficinas|Alimentação;Jovens|Adulto|Pessoas idosas|Diversas idades;Casa Verde
1266668;https://www.sescsp.org.br/programacao/sanduba-delivery-6;Sanduba Delivery;;Shows, Espetáculos e Performances|Circo;Crianças|Diversas idades;Casa Verde
1238145;https://www.sescsp.org.br/programacao/mural-memorias-uchinanchu;"Mural ""Memórias Uchinanchu""";;Exposições;Diversas idades;Casa Verde
1267362;https://www.sescsp.org.br/programacao/manutencao-maquinas-de-costura-turma-2;Manutenção Máquinas de Costura [Turma 2];;Cursos e Oficinas|Tecnologias e Artes;Jovens|Adulto|Pessoas idosas;Casa Verde
1265865;https://www.sescsp.org.br/programacao/ateliarte-pintura-a-oleo;AteliArte: Pintura à óleo;;Cursos e Oficinas|Tecnologias e Artes;Jovens|Adulto|Diversas idades;Casa Verde
1238218;https://www.sescsp.org.br/programacao/palco-de-brincar-3;Palco de Brincar;;Cursos e Oficinas|Ações para a Cidadania;Crianças;Casa Verde
1267983;https://www.sescsp.org.br/programacao/fernando-duarte;Fernando Duarte;;Shows, Espetáculos e Performances|Música;Adulto|Diversas idades;Casa Verde
1266992;https://www.sescsp.org.br/programacao/jogo-narrativo-com-domino-gigante;Jogo Narrativo com Dominó Gigante;;Encontros e Palestras|Ações para a Cidadania;Crianças|Jovens;Casa Verde
1266670;https://www.sescsp.org.br/programacao/mundo-aflora-14;Mundo Aflora;;Shows, Espetáculos e Performances|Música;Crianças;Casa Verde
1021100;https://www.sescsp.org.br/programacao/joga-comigo-2;Joga Comigo!;;Esporte e Atividade Física|Programa Sesc de Esportes;Diversas idades;Casa Verde
533255;https://www.sescsp.org.br/programacao/movimento-consciente-20;Movimento Consciente;;Encontros e Palestras|Esporte e Atividade Física;Adulto;Casa Verde
1252942;https://www.sescsp.org.br/programacao/nos-arte-ciencia-por-mulheres;NÓS: Arte & Ciência por Mulheres;;Exposições;Diversas idades;Casa Verde
1267108;https://www.sescsp.org.br/programacao/ateliarte-introducao-a-aquarela;AteliArte: Introdução à Aquarela;;Cursos e Oficinas|Tecnologias e Artes;Jovens|Adulto|Pessoas idosas|Diversas idades;Casa Verde
1120285;https://www.sescsp.org.br/programacao/tenis-de-mesa-39;Tênis de Mesa;;Esporte e Atividade Física|Programa Sesc de Esportes;Diversas idades;Casa Verde
1110815;https://www.sescsp.org.br/programacao/vivencia-de-basquete-3x3-11;Vivência de Basquete 3x3;;Esporte e Atividade Física|Programa Sesc de Esportes;Diversas idades;Casa Verde
1240740;https://www.sescsp.org.br/programacao/paixao-simples;Paixão Simples;;Shows, Espetáculos e Performances|Teatro;Jovens|Adulto;Santana
1247963;https://www.sescsp.org.br/programacao/bordando-memorias-afetivas-ressignificar-e-contar-historias-8;Bordando Memórias Afetivas: Ressignificar e Contar Histórias;;Cursos e Oficinas|Tecnologias e Artes;Jovens|Adulto;Santana
35841;https://www.sescsp.org.br/programacao/ginastica-multifuncional-santana;Ginástica Multifuncional;Esporte e Atividade Física|ginástica multifuncional;;;Santana
195735;https://www.sescsp.org.br/programacao/recreacao-tenis-de-mesa-2;Tênis de Mesa;;Esporte e Atividade Física|Programa Sesc de Esportes;Diversas idades;Santana
1252597;https://www.sescsp.org.br/programacao/treinando-com-cris-souza;Treinando com  Cris Souza;;Esporte e Atividade Física|Práticas Corporais;Diversas idades;Santana
1252379;https://www.sescsp.org.br/programacao/classicos-uma-homenagem-ao-que-fica;Clássicos: Uma Homenagem ao que Fica;;Shows, Espetáculos e Performances|Circo;Diversas idades;Santana
420549;https://www.sescsp.org.br/programacao/livros-esquisitos-2;Livros Esquisitos;;Cursos e Oficinas|Tecnologias e Artes;Crianças|Jovens;Santana
1256407;https://www.sescsp.org.br/programacao/vem-dancar-20;Vem Dançar;;Esporte e Atividade Física|Eventos Físico-Esportivos;Diversas idades;Santana
1252622;https://www.sescsp.org.br/programacao/mini-tenis-de-mesa-3;Mini Tenis de mesa;;Esporte e Atividade Física|Eventos Físico-Esportivos;Jovens|Adulto;Santana
1049745;https://www.sescsp.org.br/programacao/copa-sesc-e-festival-de-tenis-de-mesa;Copa Sesc de Tênis de Mesa;;Esporte e Atividade Física|Programa Sesc de Esportes;Jovens|Adulto;Santana
640248;https://www.sescsp.org.br/programacao/recreacao-de-jogos-de-tabuleiro;Jogos de Tabuleiro;;Esporte e Atividade Física;Diversas idades;Santana
917720;https://www.sescsp.org.br/programacao/ginastica-natural-9;Ginástica Natural;;Esporte e Atividade Física|Eventos Físico-Esportivos|Práticas Corporais;Jovens|Adulto;Santana
1253768;https://www.sescsp.org.br/programacao/santana-em-movimento-enduro-a-pe;Santana Em Movimento - Enduro a Pé;;Esporte e Atividade Física|Práticas Corporais;Diversas idades;Santana
1252416;https://www.sescsp.org.br/programacao/livros-brincantes-11;Livros Brincantes;;Shows, Espetáculos e Performances;Crianças;Santana
1240723;https://www.sescsp.org.br/programacao/e-se-fosse-uma-bomba;E Se Fosse Uma Bomba?;;Shows, Espetáculos e Performances|Teatro;Crianças;Santana
1258152;https://www.sescsp.org.br/programacao/jogando-com-a-selecao-brasileira-feminina-de-volei-sentado;Jogando com a Seleção Brasileira Feminina de Vôlei Sentado;;Esporte e Atividade Física|Eventos Físico-Esportivos;Diversas idades;Santana
1252515;https://www.sescsp.org.br/programacao/quando-a-historia-vira-teatro;Quando a História Vira Teatro;;Encontros e Palestras|Teatro;Crianças;Santana
1251703;https://www.sescsp.org.br/programacao/vem-fazer-fuxico;Vem fazer Fuxico;;Cursos e Oficinas|Ações para a Cidadania;Adulto;Santana
1251702;https://www.sescsp.org.br/programacao/feira-agroecologica-e-da-agricultura-familiar-2;Feira agroecológica e da Agricultura Familiar;;Encontros e Palestras|Ações para a Cidadania|Alimentação;Diversas idades;Santana
1145119;https://www.sescsp.org.br/programacao/esporte-adulto-iniciacao-a-corrida-2;Esporte Adulto - Iniciação à Corrida;Esporte e Atividade Física;;;Santana
45538;https://www.sescsp.org.br/programacao/praticas-aquaticas-santana;Práticas Aquáticas - A partir de 12 anos;Esporte e Atividade Física|cursos;;;Santana
1228583;https://www.sescsp.org.br/programacao/movimento-consciente-97;Movimento Consciente;;Esporte e Atividade Física|Programa Sesc de Esportes;Diversas idades;Santana
1242713;https://www.sescsp.org.br/programacao/criando-joias-texteis;Criando Jóias Têxteis;;Cursos e Oficinas|Tecnologias e Artes;Adulto;Santana
260150;https://www.sescsp.org.br/programacao/plantao-de-duvidas-be-a-ba-digital;Plantão de dúvidas: Bê-a-bá digital;;Cursos e Oficinas|Tecnologias e Artes;Adulto;Santana
943945;https://www.sescsp.org.br/programacao/yoga-115;Yoga;;Esporte e Atividade Física|Práticas Corporais;Jovens|Adulto;Santana
1252446;https://www.sescsp.org.br/programacao/narrativas-do-palco-audiovisual-e-videomapping-modulo-i;Narrativas do Palco: Audiovisual e Videomapping - Módulo I;;Cursos e Oficinas|Tecnologias e Artes;Jovens|Adulto;Santana
1045382;https://www.sescsp.org.br/programacao/atelie-textil;Ateliê Têxtil - Bordado;;Cursos e Oficinas|Tecnologias e Artes;Jovens|Adulto;Santana
1262065;https://www.sescsp.org.br/programacao/cine-concerto-frozen-2;"Cine-concerto ""Frozen """;;Cinema;Diversas idades;Santana
625901;https://www.sescsp.org.br/programacao/juventudes-11;Juventudes ZN;;Cursos e Oficinas|Ações para a Cidadania;Jovens;Santana
45231;https://www.sescsp.org.br/programacao/condicionamento-fisico-aquatico-3;Condicionamento Físico Aquático;;Esporte e Atividade Física|Práticas Aquáticas;Diversas idades;Santana
1133393;https://www.sescsp.org.br/programacao/curumim-19;Curumim;;Cursos e Oficinas|Ações para a Cidadania;Crianças;Santana
349366;https://www.sescsp.org.br/programacao/recreacao-orientada-de-volei-adaptado-60;Vôlei para Pessoas Idosas;;Esporte e Atividade Física|Eventos Físico-Esportivos;Pessoas idosas;Santana
1118703;https://www.sescsp.org.br/programacao/volei-18;Vôlei;;Esporte e Atividade Física|Práticas Corporais;Diversas idades;Santana
600767;https://www.sescsp.org.br/programacao/be-a-ba-digital-modulo-ii-praticas;Bê-a-Bá Digital: Módulo II;;Cursos e Oficinas|Tecnologias e Artes;Jovens|Adulto;Santana
1244588;https://www.sescsp.org.br/programacao/esporte-jovem-elas-em-quadra;Esporte Jovem - Elas em Quadra;;Cursos e Oficinas|Esporte e Atividade Física;Jovens;Santana
35426;https://www.sescsp.org.br/programacao/bibliosesc-santana;BiblioSesc | Santana;;Encontros e Palestras|Literatura;Diversas idades;Santana
561678;https://www.sescsp.org.br/programacao/basquete-3x3-20;Basquete 3x3;;Esporte e Atividade Física|Eventos Físico-Esportivos;Jovens;Santana
1258433;https://www.sescsp.org.br/programacao/caminhada-sobrenatural-2;Caminhada Sobrenatural;;Turismo Social;Jovens|Adulto|Diversas idades;Santana
1203917;https://www.sescsp.org.br/programacao/volei-jovem-2;Vôlei Jovem;;Esporte e Atividade Física|Programa Sesc de Esportes;Jovens;Santana
555178;https://www.sescsp.org.br/programacao/recreacao-orientada-de-volei-feminino-2;Vôlei Feminino;;Esporte e Atividade Física|Programa Sesc de Esportes;Jovens;Santana
1200175;https://www.sescsp.org.br/programacao/projetos-livres-2;Projetos Livres;;Cursos e Oficinas|Tecnologias e Artes;Crianças|Diversas idades;Santana
1044244;https://www.sescsp.org.br/programacao/atelie-laboratorio-3;Ateliê Laboratório;;Cursos e Oficinas|Tecnologias e Artes;Diversas idades;Santana
608588;https://www.sescsp.org.br/programacao/atelie-de-artes-visuais;Ateliê de Artes Visuais;;Cursos e Oficinas|Tecnologias e Artes;Crianças|Diversas idades;Santana
968025;https://www.sescsp.org.br/programacao/traquinartes-brincadeiras-de-quintal;Traquinartes;;Encontros e Palestras;Crianças;Santana
45348;https://www.sescsp.org.br/programacao/praticas-aquaticas-de-6-a-12-anos;Práticas Aquáticas - De 6 a 12 anos;Esporte e Atividade Física|cursos;;;Santana
1198739;https://www.sescsp.org.br/programacao/praca-de-esportes-4;Praça de Esportes;;Esporte e Atividade Física|Práticas Corporais;Crianças;Santana
45380;https://www.sescsp.org.br/programacao/praticas-aquaticas-de-3-a-6-anos;Práticas Aquáticas - De 3 a 6 anos;Esporte e Atividade Física|cursos;;;Santana
876287;https://www.sescsp.org.br/programacao/feira-de-troca-bibliosesc;Feira de troca BiblioSesc;;Encontros e Palestras|Literatura;Diversas idades;Santana
1117074;https://www.sescsp.org.br/programacao/badminton-22;Badminton;;Esporte e Atividade Física|Eventos Físico-Esportivos;Diversas idades;Santana
1145152;https://www.sescsp.org.br/programacao/esporte-adulto-volei-10;Esporte Adulto - Vôlei;Esporte e Atividade Física;;;Santana
1228580;https://www.sescsp.org.br/programacao/esporte-para-pessoas-idosas-multimodalidades-2;Esporte para Pessoas Idosas - Multimodalidades;;Esporte e Atividade Física|Programa Sesc de Esportes;Pessoas idosas;Santana
1151442;https://www.sescsp.org.br/programacao/minha-historia-e-hoje-momento-de-encontros-do-grupo-de-idosos;Minha história é hoje - Momento de Encontros do Grupo de Idosos;;Encontros e Palestras;Adulto;Santana
255636;https://www.sescsp.org.br/programacao/espaco-de-brincar-12;Espaço de Brincar;;Encontros e Palestras;Crianças;Santana
45595;https://www.sescsp.org.br/programacao/esporte-jovem-de-10-a-13-anos;Esporte Jovem -  De 10 a 13 anos;;Esporte e Atividade Física|Programa Sesc de Esportes|Práticas Corporais;Jovens;Santana
1249455;https://www.sescsp.org.br/programacao/aula-aberta-de-corrida;Aula Aberta de Corrida;;Esporte e Atividade Física|Eventos Físico-Esportivos;Jovens|Adulto|Pessoas idosas|Diversas idades;Consolação
1248363;https://www.sescsp.org.br/programacao/autocuidado-e-movimento;Autocuidado e movimento;;Esporte e Atividade Física|Práticas Corporais;Jovens|Adulto|Pessoas idosas;Consolação
1249460;https://www.sescsp.org.br/programacao/torneio-rapido-de-tenis-de-mesa-4;Torneio rápido de tênis de mesa;;Esporte e Atividade Física|Eventos Físico-Esportivos;Jovens|Adulto|Pessoas idosas;Consolação
1248698;https://www.sescsp.org.br/programacao/baile-da-loba-viva-alcione-2;Baile da Loba: Viva Alcione!;;Encontros e Palestras|Ações para a Cidadania;Pessoas idosas;Consolação
1249143;https://www.sescsp.org.br/programacao/pintura-de-letras-tradicionais-brasileiras-da-profissao-a-arte;Pintura de Letras Tradicionais Brasileiras: da profissão à arte;;Cursos e Oficinas|Tecnologias e Artes;Jovens|Adulto|Pessoas idosas;Consolação
1254092;https://www.sescsp.org.br/programacao/casa-do-norte-3;Casa do Norte;;Shows, Espetáculos e Performances|Teatro;Jovens|Adulto|Pessoas idosas;Consolação
1249453;https://www.sescsp.org.br/programacao/aulas-abertas-de-futsal;Aulas Abertas de Futsal;;Esporte e Atividade Física|Eventos Físico-Esportivos;Jovens|Adulto|Pessoas idosas;Consolação
1249136;https://www.sescsp.org.br/programacao/figuracao-negra-da-cor-ao-simbolico-na-pele-da-arte-contemporanea;Figuração Negra: da cor ao simbólico na pele da arte contemporânea;;Cursos e Oficinas|Artes Visuais;Jovens|Adulto|Pessoas idosas;Consolação
1249458;https://www.sescsp.org.br/programacao/aulas-abertas-de-voleibol;Aulas Abertas de Voleibol;;Esporte e Atividade Física|Eventos Físico-Esportivos;Jovens|Adulto|Pessoas idosas;Consolação
1249029;https://www.sescsp.org.br/programacao/nadando-com-estilo-medley;Nadando com Estilo | Medley;;Esporte e Atividade Física|Práticas Aquáticas;Jovens|Adulto|Pessoas idosas;Consolação
1248218;https://www.sescsp.org.br/programacao/meditasom-yoga-e-musica-ao-vivo;MeditasOm: yoga e música ao vivo;;Encontros e Palestras|Esporte e Atividade Física;Jovens|Adulto|Pessoas idosas;Consolação
1249446;https://www.sescsp.org.br/programacao/meditacao-com-tambores-flow-5;Meditação com Tambores Flow;;Esporte e Atividade Física|Eventos Físico-Esportivos;Jovens|Adulto|Pessoas idosas;Consolação
1240845;https://www.sescsp.org.br/programacao/sopros-madeiras-flauta-transversal-clarinete-e-saxofone-iniciacao;Sopros – Madeiras (Flauta Transversal, Clarinete e Saxofone) – Iniciação;;Cursos e Oficinas|Música;Jovens|Adulto|Pessoas idosas;Consolação
1249452;https://www.sescsp.org.br/programacao/festival-mova-se-bem;"Festival ""Mova-se bem""";;Esporte e Atividade Física|Ginástica Multifuncional;Jovens|Adulto|Pessoas idosas;Consolação
1248212;https://www.sescsp.org.br/programacao/patinacao-9;Patinação;;Encontros e Palestras|Tecnologias e Artes;Crianças|Jovens|Adulto|Pessoas idosas;Consolação
1249221;https://www.sescsp.org.br/programacao/treinamento-fascial;Treinamento Fascial;;Esporte e Atividade Física|Práticas Corporais;Jovens|Adulto|Pessoas idosas;Consolação
1249417;https://www.sescsp.org.br/programacao/clinica-de-futebol-freestyle;Clínica de futebol freestyle;;Esporte e Atividade Física|Eventos Físico-Esportivos;Crianças|Jovens|Adulto|Pessoas idosas;Consolação
1235384;https://www.sescsp.org.br/programacao/copa-sesc-2026-maratona-aquatica;Copa Sesc 2026 | Maratona Aquática;;Esporte e Atividade Física|Práticas Aquáticas;Adulto|Pessoas idosas;Consolação
1249017;https://www.sescsp.org.br/programacao/nado-livre-com-orientacao;Nado livre com orientação;;Esporte e Atividade Física|Práticas Aquáticas;Jovens|Adulto|Pessoas idosas;Consolação
1249411;https://www.sescsp.org.br/programacao/apresentacao-de-futebol-de-cegos;Apresentação de Futebol de Cegos;;Encontros e Palestras|Tecnologias e Artes;Crianças|Jovens|Adulto|Pessoas idosas;Consolação
1254593;https://www.sescsp.org.br/programacao/treino-aberto-de-futsal-feminino-3;Festival de futsal para mulheres;;Esporte e Atividade Física|Eventos Físico-Esportivos;Jovens|Adulto|Pessoas idosas;Consolação
1249440;https://www.sescsp.org.br/programacao/futmesa-23;Futmesa;;Esporte e Atividade Física|Eventos Físico-Esportivos;Crianças|Jovens|Adulto|Pessoas idosas;Consolação
1237821;https://www.sescsp.org.br/programacao/festival-de-futebol-feminino-4;Festival de Futebol Feminino;;Esporte e Atividade Física|Eventos Físico-Esportivos;Jovens|Adulto|Pessoas idosas;Consolação
1237747;https://www.sescsp.org.br/programacao/tarde-de-jogos-2;Tarde de Jogos;;Encontros e Palestras|Tecnologias e Artes;Crianças;Consolação
1223067;https://www.sescsp.org.br/programacao/impressoes-da-natureza-carimbando-animais;Impressões da Natureza: Carimbando Animais;;Cursos e Oficinas|Artes Visuais;Crianças;Consolação
1249235;https://www.sescsp.org.br/programacao/hoquei-subaquatico;Hóquei subaquático;;Esporte e Atividade Física|Práticas Aquáticas;Crianças|Jovens|Adulto|Pessoas idosas;Consolação
1249214;https://www.sescsp.org.br/programacao/baile-do-cha-edicao-semana-move-2026;Baile do Cha - Edição Semana MOVE 2026;;Shows, Espetáculos e Performances|Música;Crianças|Jovens|Adulto|Pessoas idosas|Diversas idades;Consolação
1249416;https://www.sescsp.org.br/programacao/festival-de-futsal-infantil-2;Festival de futsal infantil;;Esporte e Atividade Física|Eventos Físico-Esportivos;Crianças|Jovens|Adulto|Pessoas idosas;Consolação
859121;https://www.sescsp.org.br/programacao/violao-popular-continuidade-4;Violão Popular - Continuidade;;Cursos e Oficinas|Música;Jovens|Adulto|Pessoas idosas;Consolação
1252471;https://www.sescsp.org.br/programacao/irmaos-brothers-2;Irmãos & Brothers;;Shows, Espetáculos e Performances|Música;Crianças|Jovens|Adulto|Pessoas idosas|Diversas idades;Consolação
1237765;https://www.sescsp.org.br/programacao/livreta-recebe-sabina-anzuategui;LivrETA recebe Sabina Anzuategui;;Cursos e Oficinas|Tecnologias e Artes;Jovens|Adulto|Pessoas idosas;Consolação
1237869;https://www.sescsp.org.br/programacao/vem-dancar-ritmos-latinos-2;Vem Dançar: Ritmos Latinos;;Cursos e Oficinas|Ações para a Cidadania;Pessoas idosas;Consolação
1183073;https://www.sescsp.org.br/programacao/e-dia-de-feira-2;É Dia de Feira!;;Cursos e Oficinas|Ações para a Cidadania;Crianças|Jovens|Adulto|Pessoas idosas|Diversas idades;Consolação
1249230;https://www.sescsp.org.br/programacao/batucada-do-samba;Batucada do Samba;;Cursos e Oficinas|Música;Jovens|Adulto|Pessoas idosas;Consolação
1248148;https://www.sescsp.org.br/programacao/luta-olimpica-3;Luta olímpica;;Esporte e Atividade Física|Eventos Físico-Esportivos;Jovens|Adulto|Pessoas idosas;Consolação
1240089;https://www.sescsp.org.br/programacao/refugi-musical-medio-e-extremo-oriente;Refugi Musical | Médio e Extremo Oriente;;Cursos e Oficinas|Música;Jovens|Adulto|Pessoas idosas;Consolação
320048;https://www.sescsp.org.br/programacao/canto-para-jovens;Canto - Continuidade;;Cursos e Oficinas|Música;Jovens|Adulto|Pessoas idosas;Consolação
614570;https://www.sescsp.org.br/programacao/praticas-aquaticas-3-a-6-anos-8;Práticas Aquáticas - 3 a 6 anos;;Esporte e Atividade Física|Práticas Aquáticas;Crianças;Consolação
1259476;https://www.sescsp.org.br/programacao/o-melhor-da-mostra-sesc-de-cinema-regiao-sul;O Melhor da Mostra Sesc de Cinema: Região Sul;;Cinema;Jovens|Adulto|Pessoas idosas;Consolação
1263791;https://www.sescsp.org.br/programacao/barulhos-4;Barulhos;;Shows, Espetáculos e Performances|Teatro;Crianças|Jovens|Adulto|Pessoas idosas|Diversas idades;Consolação
1261991;https://www.sescsp.org.br/programacao/fuleragem-2;Fuleragem;;Shows, Espetáculos e Performances|Circo;Crianças|Jovens|Adulto|Pessoas idosas|Diversas idades;Consolação
1265287;https://www.sescsp.org.br/programacao/otis-selimane-5;Otis Selimane;;Shows, Espetáculos e Performances|Música;Crianças|Jovens|Adulto|Pessoas idosas|Diversas idades;Consolação
1259451;https://www.sescsp.org.br/programacao/tintas-naturais-cores-da-terra-das-plantas-e-dos-saberes-tradicionais;Tintas Naturais: cores da terra, das plantas e dos saberes tradicionais;;Cursos e Oficinas|Tecnologias e Artes;Jovens|Adulto|Pessoas idosas;Consolação
1265290;https://www.sescsp.org.br/programacao/ha-quedas-por-vir-2;Há Quedas Por Vir;;Shows, Espetáculos e Performances|Artes Visuais;Jovens|Adulto|Pessoas idosas;Consolação
1245991;https://www.sescsp.org.br/programacao/giro-cultural-literature-se-escritas-e-performances;Juventudes | Giro Cultural - Literature-se... escritas e performances;;Cursos e Oficinas|Literatura;Jovens;Consolação
606864;https://www.sescsp.org.br/programacao/contrabaixo-acustico-continuidade-2;Contrabaixo Acústico - Continuidade;;Cursos e Oficinas|Música;Jovens|Adulto|Pessoas idosas;Consolação
588613;https://www.sescsp.org.br/programacao/violino-e-viola-erudita-continuidade;Violino e Viola Erudita - Continuidade;;Cursos e Oficinas|Música;Jovens|Adulto|Pessoas idosas;Consolação
1259483;https://www.sescsp.org.br/programacao/o-melhor-da-mostra-sesc-de-cinema-regiao-sudeste;O Melhor da Mostra Sesc de Cinema: Região Sudeste;;Cinema;Jovens|Adulto|Pessoas idosas;Consolação
455383;https://www.sescsp.org.br/programacao/violino-e-viola-erudita-para-iniciantes-2;Violino e Viola Erudita - Iniciante;;Cursos e Oficinas|Música;Jovens|Adulto|Pessoas idosas;Consolação
1259460;https://www.sescsp.org.br/programacao/japao-sobrenaturalo-folclore-na-sociedade-religiao-e-politica;Japão sobrenatural:o folclore na sociedade, religião e política;;Cursos e Oficinas|Tecnologias e Artes;Jovens|Adulto|Pessoas idosas;Consolação
606888;https://www.sescsp.org.br/programacao/pratica-vocal-o-abre-alas-que-elas-querem-passar-mulheres-no-samba-e-no-choro;Prática Vocal;;Cursos e Oficinas|Música;Jovens|Adulto|Pessoas idosas;Consolação
449477;https://www.sescsp.org.br/programacao/teste-para-o-curso-pratica-coletiva-de-cordas;Prática Coletiva de Cordas;;Cursos e Oficinas|Música;Jovens|Adulto|Pessoas idosas;Consolação
1249160;https://www.sescsp.org.br/programacao/stop-motion-no-tempo-e-no-espaco;Stop Motion no Tempo e no Espaço;;Cursos e Oficinas|Tecnologias e Artes;Jovens|Adulto|Pessoas idosas;Consolação
1259207;https://www.sescsp.org.br/programacao/malabarismo-possivel-8;Malabarismo Possível;;Encontros e Palestras|Circo;Crianças|Jovens|Adulto|Pessoas idosas|Diversas idades;Consolação
1259214;https://www.sescsp.org.br/programacao/cabare-6;Cabaré?;;Shows, Espetáculos e Performances|Circo;Crianças|Jovens|Adulto|Pessoas idosas|Diversas idades;Consolação
1265299;https://www.sescsp.org.br/programacao/mostra-de-teatro-lambe-lambe-6;Mostra de teatro lambe-lambe;;Shows, Espetáculos e Performances|Teatro;Crianças|Jovens|Adulto|Pessoas idosas|Diversas idades;Consolação
1263007;https://www.sescsp.org.br/programacao/lalaia-15;Lalaiá;;Shows, Espetáculos e Performances|Circo;Crianças|Jovens|Adulto|Pessoas idosas|Diversas idades;Consolação
1262979;https://www.sescsp.org.br/programacao/trampolim-acrobatico-e-ginastica-artistica;Trampolim acrobático e ginástica artística;;Encontros e Palestras|Esporte e Atividade Física;Crianças|Jovens|Adulto|Pessoas idosas|Diversas idades;Consolação
1262986;https://www.sescsp.org.br/programacao/badalu-musical;Badalu Musical;;Shows, Espetáculos e Performances|Música;Crianças;Consolação
1259177;https://www.sescsp.org.br/programacao/morada-das-aguas-4;Morada das águas;;Esporte e Atividade Física|Práticas Aquáticas;Crianças|Jovens|Adulto|Pessoas idosas|Diversas idades;Consolação
1267823;https://www.sescsp.org.br/programacao/a-praia;A Praia;;Shows, Espetáculos e Performances|Teatro;Crianças|Diversas idades;Consolação
1263199;https://www.sescsp.org.br/programacao/orquestra-modesta-16;Orquestra Modesta;;Shows, Espetáculos e Performances|Música;Crianças|Jovens|Adulto|Pessoas idosas|Diversas idades;Consolação
1262984;https://www.sescsp.org.br/programacao/bumerangue-9;Bumerangue;;Encontros e Palestras|Esporte e Atividade Física;Crianças|Jovens|Adulto|Pessoas idosas|Diversas idades;Consolação
1252481;https://www.sescsp.org.br/programacao/ocupacao-bambuzal-aldeia-do-brincar;Ocupação Bambuzal: Aldeia do Brincar;;Encontros e Palestras|Ações para a Cidadania;Crianças;Consolação
1265305;https://www.sescsp.org.br/programacao/poin-pequena-orquestra-interativa-7;Poin - Pequena Orquestra Interativa;;Shows, Espetáculos e Performances|Música;Crianças|Jovens|Adulto|Pessoas idosas|Diversas idades;Consolação
1240827;https://www.sescsp.org.br/programacao/continuidade-estruturacao-e-percepcao-musical;Estruturação e Percepção Musical - Continuidade;;Cursos e Oficinas|Música;Jovens|Adulto|Pessoas idosas;Consolação
1083005;https://www.sescsp.org.br/programacao/judo-para-mulheres;Judô;;Esporte e Atividade Física|Práticas Corporais;Jovens|Adulto|Pessoas idosas;Consolação
1249210;https://www.sescsp.org.br/programacao/velas-aromaticas-e-gesso-arte-aroma-e-identidade;Arte em Gesso: Criação de Recipientes para Velas Aromáticas;;Cursos e Oficinas|Tecnologias e Artes;Jovens|Adulto|Pessoas idosas;Consolação
1249228;https://www.sescsp.org.br/programacao/pifano-brasileiro-continuidade;Pífano Brasileiro - Continuidade;;Cursos e Oficinas|Música;Jovens|Adulto|Pessoas idosas;Consolação
1249208;https://www.sescsp.org.br/programacao/serigrafia-artesanal-do-estencil-a-impressao-manual;Serigrafia Artesanal: Do Estêncil à Impressão Manual;;Cursos e Oficinas|Tecnologias e Artes;Jovens|Adulto|Pessoas idosas;Consolação
1259493;https://www.sescsp.org.br/programacao/a-praga-2;A Praga;;Cinema;Adulto|Pessoas idosas|Diversas idades;Consolação
455475;https://www.sescsp.org.br/programacao/violoncelo-para-iniciantes-2;Violoncelo para Iniciantes;;Cursos e Oficinas|Música;Jovens|Adulto|Pessoas idosas;Consolação
1262997;https://www.sescsp.org.br/programacao/natureza-e-bem-estar-descubra-pocos-de-caldas-mg-4;Natureza e Bem-Estar: Descubra Poços de Caldas (MG);;Turismo Social;Crianças|Jovens|Adulto|Pessoas idosas|Diversas idades;Consolação
606896;https://www.sescsp.org.br/programacao/pratica-instrumental;Prática Instrumental;;Cursos e Oficinas|Música;Jovens|Adulto|Pessoas idosas;Consolação
1262131;https://www.sescsp.org.br/programacao/judo-17;Judô;;Esporte e Atividade Física|Eventos Físico-Esportivos;Jovens|Adulto|Pessoas idosas;Consolação
1262976;https://www.sescsp.org.br/programacao/queimada-paintball;Queimada paintball;;Encontros e Palestras|Esporte e Atividade Física;Crianças;Consolação
1259427;https://www.sescsp.org.br/programacao/flashback-3;Flashback;;Esporte e Atividade Física|Práticas Corporais;Jovens|Adulto|Pessoas idosas;Consolação
1259435;https://www.sescsp.org.br/programacao/oficina-de-construcao-de-balafon;Oficina de construção de Balafon;;Cursos e Oficinas|Música;Jovens|Adulto|Pessoas idosas;Consolação
1262115;https://www.sescsp.org.br/programacao/vem-conhecer-os-instrumentos-de-alem-mar;Vem conhecer os instrumentos de Além Mar;;Shows, Espetáculos e Performances|Música;Crianças|Jovens|Adulto|Pessoas idosas|Diversas idades;
1267611;https://www.sescsp.org.br/programacao/indumentarias-do-reisado;Indumentárias do Reisado;;Cursos e Oficinas|Artes Visuais;Jovens|Adulto|Pessoas idosas|Diversas idades;Consolação
1248717;https://www.sescsp.org.br/programacao/danca-circular-12;Dança Circular;;Cursos e Oficinas|Dança;Pessoas idosas;Consolação
1261981;https://www.sescsp.org.br/programacao/tal-mae-tal-filho-uma-heranca-gastronomica-mocambicana;Tal Mãe, Tal Filho, Uma Herança Gastronómica Moçambicana;;Encontros e Palestras|Alimentação;Crianças|Jovens|Adulto|Pessoas idosas|Diversas idades;Consolação
307373;https://www.sescsp.org.br/programacao/yoga-39;Yoga;Esporte e Atividade Física|yoga;;;Consolação
1265375;https://www.sescsp.org.br/programacao/os-barbapapas-4;Os Barbapapas;;Shows, Espetáculos e Performances|Música;Crianças|Jovens|Adulto|Pessoas idosas|Diversas idades;Consolação
39820;https://www.sescsp.org.br/programacao/esporte-adulto-handebol;Esporte Adulto - Handebol;Esporte e Atividade Física|esporte adulto (16+);;;Consolação
1246446;https://www.sescsp.org.br/programacao/refugi-musical-raizes-profundas-do-brasil;Refugi Musical | Raízes Profundas do Brasil;;Cursos e Oficinas|Música;Jovens|Adulto|Pessoas idosas;Consolação
1259441;https://www.sescsp.org.br/programacao/predio-vazio-3;Prédio Vazio;;Cinema;Jovens|Adulto|Pessoas idosas;Consolação
26916;https://www.sescsp.org.br/programacao/hidroginastica-3;Condicionamento Físico Aquático;Esporte e Atividade Física|natação e hidroginástica;;;Consolação
602559;https://www.sescsp.org.br/programacao/violino-para-criancas;Violino para crianças - Continuidade;;Cursos e Oficinas|Música;Crianças;Consolação
1262068;https://www.sescsp.org.br/programacao/cola-shows-11;Cola Shows;;Shows, Espetáculos e Performances|Circo;Crianças|Jovens|Adulto|Pessoas idosas|Diversas idades;Consolação
1211612;https://www.sescsp.org.br/programacao/clube-de-leitura-proxima-pagina;Clube de Leitura Próxima Página;;Encontros e Palestras|Literatura;Diversas idades;Consolação
1129697;https://www.sescsp.org.br/programacao/espaco-de-leitura;Espaço de Leitura;Literatura;;;Consolação
1262966;https://www.sescsp.org.br/programacao/amarracao-desenho-de-modelo-vivo-com-shibari;Amarração: Desenho de modelo vivo com shibari;;Cursos e Oficinas|Artes Visuais;Jovens|Adulto|Pessoas idosas;Consolação
20035;https://www.sescsp.org.br/programacao/recreacao-de-handebol;Recreação de Handebol;;Esporte e Atividade Física|Eventos Físico-Esportivos;Crianças|Diversas idades;Consolação
556117;https://www.sescsp.org.br/programacao/recreacao-de-futsal-3;Recreação de Futsal;;Esporte e Atividade Física|Eventos Físico-Esportivos;Crianças|Diversas idades;Consolação
39733;https://www.sescsp.org.br/programacao/esporte-adulto-iniciacao-ao-volei;Esporte Adulto - Iniciação ao Vôlei;Esporte e Atividade Física|esporte adulto (16+);;;Consolação
455325;https://www.sescsp.org.br/programacao/violao-popular-para-iniciantes-2;Violão Popular - Iniciação;;Cursos e Oficinas|Música;Jovens|Adulto|Pessoas idosas;Consolação
1265376;https://www.sescsp.org.br/programacao/cornucopia-desvairada-12;Cornucópia Desvairada;;Shows, Espetáculos e Performances|Música;Crianças|Jovens|Adulto|Pessoas idosas|Diversas idades;Consolação
613160;https://www.sescsp.org.br/programacao/esporte-adulto-futsal-masculino-6;Esporte Adulto - Futsal Masculino;Esporte e Atividade Física|recreação;;;Consolação
1238646;https://www.sescsp.org.br/programacao/o-corpo-da-voz-o-som-do-corpo-voz-60;O corpo da voz, o som do corpo - Voz 60+;;Cursos e Oficinas|Música;Pessoas idosas;Consolação
606789;https://www.sescsp.org.br/programacao/violoncelo-continuidade-2;Violoncelo - Continuidade;;Cursos e Oficinas|Música;Jovens|Adulto|Pessoas idosas;Consolação
1259463;https://www.sescsp.org.br/programacao/yokais-tropicais-o-folclore-brasileiro-em-ukiyo-e;Yokais Tropicais: o folclore brasileiro em ukiyo-e;;Encontros e Palestras|Tecnologias e Artes;Jovens|Adulto|Pessoas idosas;Consolação
1262125;https://www.sescsp.org.br/programacao/a-sombra-do-pai-4;A Sombra do Pai;;Cinema;Jovens|Adulto|Pessoas idosas;Consolação
1240885;https://www.sescsp.org.br/programacao/orquestra-de-cordas-2;Orquestra de Cordas;;Cursos e Oficinas|Música;Crianças|Adulto|Pessoas idosas;Consolação
859865;https://www.sescsp.org.br/programacao/choro-da-consolacao;Choro da Consolação;;Cursos e Oficinas|Música;Jovens|Adulto|Pessoas idosas;Consolação
1262985;https://www.sescsp.org.br/programacao/recreacao-esportiva-com-arbitragem;Recreação esportiva com arbitragem;;Encontros e Palestras|Esporte e Atividade Física;Jovens|Adulto|Pessoas idosas;Consolação
417113;https://www.sescsp.org.br/programacao/espaco-de-brincar-14;Espaço de Brincar;Crianças|vivência;;;Consolação
1237741;https://www.sescsp.org.br/programacao/autopublicacao-crie-um-fanzine-de-si;Autopublicação: crie um fanzine de si;;Encontros e Palestras|Tecnologias e Artes;Jovens|Adulto|Pessoas idosas;Consolação
614362;https://www.sescsp.org.br/programacao/praticas-aquaticas-adulto;Práticas Aquáticas - Adulto;Esporte e Atividade Física|natação e hidroginástica;;;Consolação
1246756;https://www.sescsp.org.br/programacao/refugi-musical-africa-essencial;Refugi Musical | África essencial;;Cursos e Oficinas|Música;Jovens|Adulto|Pessoas idosas;Consolação
1162317;https://www.sescsp.org.br/programacao/estruturacao-e-percepcao-musical;Estruturação e Percepção Musical - Iniciação;;Cursos e Oficinas|Música;Jovens|Adulto|Pessoas idosas;Consolação
1162433;https://www.sescsp.org.br/programacao/musica-e-movimento-para-bebes;Música e Movimento para Bebês;;Cursos e Oficinas|Música;Crianças;Consolação
613319;https://www.sescsp.org.br/programacao/esporte-adulto-handebol-feminino;Esporte Adulto - Handebol Feminino;Esporte e Atividade Física|esporte adulto (16+);;;Consolação
40128;https://www.sescsp.org.br/programacao/esporte-adulto-clube-do-basquete;Esporte Adulto - Basquete;Esporte e Atividade Física|esporte adulto (16+);;;Consolação
20084;https://www.sescsp.org.br/programacao/recreacao-de-volei-rede-243;Recreação de Vôlei;;Esporte e Atividade Física|Eventos Físico-Esportivos;Jovens|Adulto|Pessoas idosas;Consolação
40255;https://www.sescsp.org.br/programacao/esporte-jovem-basquete-2;Esporte Jovem – Basquete;Esporte e Atividade Física|esporte jovem (13 a 16);;;Consolação
39805;https://www.sescsp.org.br/programacao/esporte-adulto-iniciacao-ao-basquete;Esporte Adulto - Basquete Feminino;Esporte e Atividade Física|esporte adulto (16+);;;Consolação
40272;https://www.sescsp.org.br/programacao/esporte-jovem-volei;Esporte Jovem - Vôlei;Esporte e Atividade Física|esporte jovem (13 a 16);;;Consolação
1264807;https://www.sescsp.org.br/programacao/musica-ao-pe-da-letra-composicao-de-letra-de-cancao;Música ao Pé da Letra - Composição de letra de canção;;Cursos e Oficinas|Música;Jovens|Adulto|Pessoas idosas|Diversas idades;Consolação
1240840;https://www.sescsp.org.br/programacao/sopros-madeiras-flauta-transversal-clarinete-e-saxofone-continuidade;Sopros - Madeiras (Flauta Transversal, Clarinete e Saxofone) - Continuidade;;Cursos e Oficinas|Música;Jovens|Adulto|Pessoas idosas;Consolação
40262;https://www.sescsp.org.br/programacao/esporte-jovem-futsal;Esporte Jovem – Futsal;Esporte e Atividade Física|esporte jovem (13 a 16);;;Consolação
40118;https://www.sescsp.org.br/programacao/esporte-adulto-clube-do-volei;Esporte Adulto – Clube do Vôlei;Esporte e Atividade Física|esporte adulto (16+);;;Consolação
220400;https://www.sescsp.org.br/programacao/aulas-abertas-de-hatha-yoga;Hatha Yoga;;Esporte e Atividade Física|Práticas Corporais;Jovens|Adulto|Pessoas idosas;Consolação
617749;https://www.sescsp.org.br/programacao/esporte-jovem-handebol;Esporte Jovem - Handebol;Esporte e Atividade Física|esporte jovem (13 a 16);;;Consolação
455369;https://www.sescsp.org.br/programacao/contrabaixo-acustico-para-iniciantes-2;Contrabaixo Acústico - Iniciante;;Cursos e Oficinas|Música;Jovens|Adulto|Pessoas idosas;Consolação
717126;https://www.sescsp.org.br/programacao/canto-infanto-juvenil;Canto Infanto-Juvenil;;Cursos e Oficinas|Música;Jovens|Adulto|Pessoas idosas;Consolação
1214740;https://www.sescsp.org.br/programacao/circulo-de-dramaturgias;Círculo de Dramaturgias;;Cursos e Oficinas|Teatro;Adulto|Pessoas idosas;Consolação
832578;https://www.sescsp.org.br/programacao/esporte-crianca-3-a-6-anos-14;Esporte Criança - 3 a 6 anos;Esporte e Atividade Física|esporte criança (3 a 6);;;Consolação
819946;https://www.sescsp.org.br/programacao/praticas-aquaticas-aprendendo-a-nadar-2;Práticas Aquáticas | Aprendendo a nadar;;Esporte e Atividade Física|Práticas Aquáticas;Jovens|Adulto|Pessoas idosas;Consolação
1051904;https://www.sescsp.org.br/programacao/coral-de-madeiras;Coral de Madeiras;;Cursos e Oficinas|Música;Jovens|Adulto|Pessoas idosas;Consolação
1162868;https://www.sescsp.org.br/programacao/pratica-de-orquestra-para-criancas;Prática de Orquestra para Crianças;;Cursos e Oficinas|Música;Crianças;Consolação
1249021;https://www.sescsp.org.br/programacao/treinando-longas-distancias;Treinando longas distâncias;;Esporte e Atividade Física|Práticas Aquáticas;Jovens|Adulto|Pessoas idosas;Consolação
40134;https://www.sescsp.org.br/programacao/esporte-adulto-ginastica-para-todos-3;Esporte Adulto - Ginástica para Todos;Esporte e Atividade Física|esporte adulto (16+);;;Consolação
114254;https://www.sescsp.org.br/programacao/curumim-8;Curumim;Crianças|curumim;;;Consolação
555985;https://www.sescsp.org.br/programacao/recreacao-de-futsal-para-mulheres;Recreação de Futsal para Mulheres;;Esporte e Atividade Física|Eventos Físico-Esportivos;Crianças|Diversas idades;Consolação
556203;https://www.sescsp.org.br/programacao/recreacao-de-basquete-4;Recreação de Basquete;;Esporte e Atividade Física|Eventos Físico-Esportivos;Jovens|Adulto|Pessoas idosas|Diversas idades;Consolação
40156;https://www.sescsp.org.br/programacao/esporte-para-idosos-4;Esporte para pessoas idosas;Esporte e Atividade Física|esporte para idosos (60+)|Pessoas Idosas;;;Consolação
40035;https://www.sescsp.org.br/programacao/esporte-adulto-futsal-feminino-3;Esporte Adulto - Futsal Feminino;Esporte e Atividade Física|esporte adulto (16+);;;Consolação
40107;https://www.sescsp.org.br/programacao/esporte-adulto-corrida-3;Esporte Adulto – Corrida;Esporte e Atividade Física|corrida;;;Consolação
556280;https://www.sescsp.org.br/programacao/recreacao-esportiva-para-familias-2;Recreação Esportiva para Famílias;;Esporte e Atividade Física|Eventos Físico-Esportivos;Diversas idades;Consolação
40166;https://www.sescsp.org.br/programacao/esporte-crianca-6-a-10-anos;Esporte Criança - 6 a 10 anos;Esporte e Atividade Física|esporte criança (6 a 10);;;Consolação
40195;https://www.sescsp.org.br/programacao/esporte-jovem-10-a-13-anos;Esporte Jovem - 10 a 13 anos;Esporte e Atividade Física|esporte jovem (10 a 13);;;Consolação
617841;https://www.sescsp.org.br/programacao/movimento-consciente-29;Movimento Consciente;Esporte e Atividade Física|outras práticas corporais;;;Consolação
34398;https://www.sescsp.org.br/programacao/ginastica-multifuncional-6;Ginástica Multifuncional | GMF;Esporte e Atividade Física|ginástica multifuncional;;;Consolação
40088;https://www.sescsp.org.br/programacao/esporte-adulto-futsal-masculino-3;Esporte Adulto – Futsal;Esporte e Atividade Física|esporte adulto (16+);;;Consolação
1246813;https://www.sescsp.org.br/programacao/curso-de-atuacoes;Curso de Atuações;;Cursos e Oficinas|Teatro;Jovens|Adulto|Pessoas idosas;Consolação
1248694;https://www.sescsp.org.br/programacao/nhemboaty-nhemongueta-roda-de-escuta-guarani;Nhemboaty Nhemonguetá: Roda de escuta Guarani;;Encontros e Palestras|Ações para a Cidadania;Diversas idades;Avenida Paulista
1257950;https://www.sescsp.org.br/programacao/yoga-de-cinema;Yoga de Cinema;;Esporte e Atividade Física|Práticas Corporais;Jovens|Adulto;Avenida Paulista
1265976;https://www.sescsp.org.br/programacao/cacada-trilogia-de-traumas-zona-de-convergencia-2;Caçada/Trilogia de Traumas - Zona de Convergência;;Shows, Espetáculos e Performances;Adulto;Avenida Paulista
1248124;https://www.sescsp.org.br/programacao/souto;Souto;;Shows, Espetáculos e Performances|Música;Jovens|Adulto;Avenida Paulista
1251517;https://www.sescsp.org.br/programacao/maravilixo-sensibilizacao-ambiental-e-reciclagem-na-pratica-2;Maravilixo: Sensibilização Ambiental e Reciclagem na Prática;;Cursos e Oficinas|Tecnologias e Artes;Crianças|Jovens|Adulto;Avenida Paulista
1237162;https://www.sescsp.org.br/programacao/samba-rock-11;Samba Rock;;Esporte e Atividade Física|Práticas Corporais;Diversas idades;Avenida Paulista
1239925;https://www.sescsp.org.br/programacao/amuletos-luminosos-2;Amuletos Luminosos;;Cursos e Oficinas|Tecnologias e Artes;Crianças;Avenida Paulista
1248704;https://www.sescsp.org.br/programacao/criando-memorias-com-retalhos-bordando-com-as-mujeres-arpilleristas;Criando memórias com retalhos: Bordando com as Mujeres Arpilleristas;;Cursos e Oficinas|Artes Visuais;Diversas idades;Avenida Paulista
1258135;https://www.sescsp.org.br/programacao/cinemaerobica;Cinemaeróbica;;Esporte e Atividade Física|Ginástica Multifuncional;Jovens|Adulto|Pessoas idosas;Avenida Paulista
1256242;https://www.sescsp.org.br/programacao/nos-e-a-natureza;Nós e a Natureza;;Encontros e Palestras|Meio Ambiente;Diversas idades;Avenida Paulista
1258141;https://www.sescsp.org.br/programacao/danca-de-rua-ela-danca-eu-danco;Dança de Rua: Ela Dança Eu Danço;;Esporte e Atividade Física|Eventos Físico-Esportivos|Práticas Corporais;Jovens|Adulto|Pessoas idosas;Avenida Paulista
1257954;https://www.sescsp.org.br/programacao/pilates-o-filme-do-movimento;Pilates: o Filme do Movimento;;Esporte e Atividade Física|Práticas Corporais;Jovens|Adulto;Avenida Paulista
1239930;https://www.sescsp.org.br/programacao/desenho-e-ancestralidade-arabe-2;Desenho e Ancestralidade Árabe;;Cursos e Oficinas|Tecnologias e Artes;Adulto;Avenida Paulista
1138240;https://www.sescsp.org.br/programacao/clube-do-pedal-30-anos-2;Clube do Pedal 30 Anos;;Esporte e Atividade Física;Adulto;Avenida Paulista
1258125;https://www.sescsp.org.br/programacao/circuito-de-duble-de-acao;Circuito de Dublê de Ação;;Esporte e Atividade Física|Eventos Físico-Esportivos;Jovens|Adulto;Avenida Paulista
1258121;https://www.sescsp.org.br/programacao/step-magico;STEP Mágico;;Esporte e Atividade Física|Ginástica Multifuncional;Jovens|Adulto|Pessoas idosas;Avenida Paulista
1258144;https://www.sescsp.org.br/programacao/especial-dancando-como-nos-filmes;Especial Dançando como nos Filmes;;Esporte e Atividade Física|Eventos Físico-Esportivos|Práticas Corporais;Jovens|Adulto|Pessoas idosas;Avenida Paulista
1258162;https://www.sescsp.org.br/programacao/dancando-como-nos-filmes;Dançando como nos filmes;;Esporte e Atividade Física|Eventos Físico-Esportivos|Práticas Corporais;Jovens|Adulto;Avenida Paulista
1239940;https://www.sescsp.org.br/programacao/inteligencia-artificial-critica-tecnologias-e-sociedade;Inteligência Artificial Crítica: Tecnologias e Sociedade;;Cursos e Oficinas|Tecnologias e Artes;Jovens|Adulto|Pessoas idosas;Avenida Paulista
1245460;https://www.sescsp.org.br/programacao/systema-arte-marcial-russa;Systema (Arte Marcial Russa);;Esporte e Atividade Física;Diversas idades;Avenida Paulista
34933;https://www.sescsp.org.br/programacao/ginastica-multifuncional-2025;Ginástica Multifuncional - GMF;;Esporte e Atividade Física;Diversas idades;Avenida Paulista
1247894;https://www.sescsp.org.br/programacao/curta-comente-e-compartilhe-eu-nao-quero-voltar-sozinho-de-daniel-ribeiro;Curta, comente e compartilhe: Eu não quero voltar sozinho, de Daniel Ribeiro;;Encontros e Palestras;Jovens;Avenida Paulista
1239958;https://www.sescsp.org.br/programacao/pintura-com-agulha-o-olhar-como-territorio;Pintura com Agulha: O Olhar como Território;;Cursos e Oficinas|Tecnologias e Artes;Jovens|Adulto;Avenida Paulista
1251464;https://www.sescsp.org.br/programacao/atelie-aberto-simulando-biologia-com-programacao;Ateliê Aberto: simulando biologia com programação;;Cursos e Oficinas|Tecnologias e Artes;Jovens|Adulto;Avenida Paulista
1260143;https://www.sescsp.org.br/programacao/sophia-chablau-e-uma-enorme-perda-de-tempo-8;Sophia Chablau e Uma Enorme Perda de Tempo;;Shows, Espetáculos e Performances|Música;Jovens|Adulto;Avenida Paulista
1260161;https://www.sescsp.org.br/programacao/mimosa-2;Mimosa;;Shows, Espetáculos e Performances|Dança;Jovens|Adulto;Avenida Paulista
1251522;https://www.sescsp.org.br/programacao/tecnicas-de-didgeridoo;Técnicas de Didgeridoo;;Cursos e Oficinas|Tecnologias e Artes;Jovens|Adulto;Avenida Paulista
1260164;https://www.sescsp.org.br/programacao/cine-concerto-assassinos-por-natureza;Cine-Concerto Assassinos por Natureza;;Cinema;Adulto;Avenida Paulista
1263332;https://www.sescsp.org.br/programacao/ternura-como-pratica-ensaios-para-nao-colapsar;Ternura como prática: ensaios para não colapsar;;Cursos e Oficinas|Dança;Jovens|Adulto;Avenida Paulista
1264827;https://www.sescsp.org.br/programacao/amazonia-o-que-a-floresta-nos-conta;Amazônia: o que a floresta nos conta?;;Encontros e Palestras|Ações para a Cidadania;Adulto|Pessoas idosas;Avenida Paulista
1123656;https://www.sescsp.org.br/programacao/clube-da-caminhada-7;Clube da Caminhada;;Esporte e Atividade Física|Programa Sesc de Esportes;Adulto;Avenida Paulista
1263271;https://www.sescsp.org.br/programacao/rotas-afro-um-passeio-virtual-pela-cultura-negra-do-estado-de-sao-paulo;Rotas Afro: um passeio virtual pela cultura negra do estado de São Paulo;;Turismo Social;Diversas idades;Avenida Paulista
1262271;https://www.sescsp.org.br/programacao/banda-gruuvi;Banda Gruuvi;;Shows, Espetáculos e Performances|Música;Crianças;Avenida Paulista
1263289;https://www.sescsp.org.br/programacao/estamparia-de-folhas-para-criancas;Estamparia de folhas para crianças;;Cursos e Oficinas|Meio Ambiente;Crianças;Avenida Paulista
1237169;https://www.sescsp.org.br/programacao/oriente-se-20;Oriente-se;;Esporte e Atividade Física|Práticas Corporais;Jovens|Adulto|Pessoas idosas;Avenida Paulista
1263296;https://www.sescsp.org.br/programacao/oficina-60-pequenos-objetos-decorativos-em-feltragem;Oficina 60+: Pequenos objetos decorativos em feltragem;;Cursos e Oficinas;Pessoas idosas;Avenida Paulista
1263355;https://www.sescsp.org.br/programacao/top-20-clipes-de-animacao;TOP 20 Clipes de Animação;;Cinema;Jovens|Adulto|Pessoas idosas|Diversas idades;Avenida Paulista
1260916;https://www.sescsp.org.br/programacao/ensaios-de-uma-fuga;Ensaios de uma fuga;;Shows, Espetáculos e Performances|Circo;Jovens|Adulto;Avenida Paulista
1260915;https://www.sescsp.org.br/programacao/soturno;Soturno;;Shows, Espetáculos e Performances|Circo;Jovens|Adulto;Avenida Paulista
1264831;https://www.sescsp.org.br/programacao/amor-correspondido-4;Amor correSPondido;;Encontros e Palestras|Ações para a Cidadania;Crianças|Jovens|Adulto|Pessoas idosas|Diversas idades;Avenida Paulista
1260895;https://www.sescsp.org.br/programacao/vermelho-branco-e-preto-4;Vermelho, Branco E Preto;;Shows, Espetáculos e Performances|Circo;Jovens|Adulto|Pessoas idosas;Avenida Paulista
695388;https://www.sescsp.org.br/programacao/juventudes-direito-a-sonhar-2;Juventudes - O que nos faz humanos?;;Encontros e Palestras;Jovens;Avenida Paulista
1264813;https://www.sescsp.org.br/programacao/nhemboaty-nhemongueta-roda-de-escuta-guarani-2;Nhemboaty Nhemonguetá: Roda de escuta Guarani;;Encontros e Palestras|Ações para a Cidadania;Adulto|Pessoas idosas;Avenida Paulista
1263299;https://www.sescsp.org.br/programacao/cultivo-plantio-de-mudas-estacas-e-rizomas;Cultivo: plantio de mudas, estacas e rizomas;;Cursos e Oficinas|Meio Ambiente;Jovens|Adulto;Avenida Paulista
1264818;https://www.sescsp.org.br/programacao/conversas-publicas-no-bulevar-o-que-e-saude-mental-7;Conversas públicas no Bulevar: O que é saúde mental?;;Encontros e Palestras|Ações para a Cidadania;Diversas idades;Avenida Paulista
1262978;https://www.sescsp.org.br/programacao/fuzuas-5;Fuzuás;;Shows, Espetáculos e Performances|Circo;Diversas idades;Avenida Paulista
1134368;https://www.sescsp.org.br/programacao/tenis-de-mesa-43;Tênis de mesa;;Esporte e Atividade Física|Eventos Físico-Esportivos;Diversas idades;Avenida Paulista
1266164;https://www.sescsp.org.br/programacao/curta-comente-e-compartilhe-sandra-de-camila-mardila;Curta, comente e compartilhe: Sandra, de Camila Márdila;;Cinema;Jovens;Avenida Paulista
1261647;https://www.sescsp.org.br/programacao/introducao-a-encadernacao-japonesa-2;Introdução à Encadernação Japonesa;;Cursos e Oficinas|Artes Visuais|Tecnologias e Artes;Jovens|Adulto|Pessoas idosas;Avenida Paulista
1262264;https://www.sescsp.org.br/programacao/os-caminhos-da-publicacao-de-livros-2;Os caminhos da publicação de livros;;Cursos e Oficinas|Literatura;Jovens|Adulto|Pessoas idosas;Avenida Paulista
1261663;https://www.sescsp.org.br/programacao/modos-de-fazer-modos-de-viver-rendas-e-bordados-tradicionais-no-brasil;Modos de fazer, modos de viver: rendas e bordados tradicionais no Brasil;;Cursos e Oficinas|Artes Visuais;Adulto|Pessoas idosas;Avenida Paulista
319459;https://www.sescsp.org.br/programacao/esporte-jovem-10-a-13-anos-8;Esporte Jovem (10 a 13 anos);;Esporte e Atividade Física;Jovens;Avenida Paulista
1261641;https://www.sescsp.org.br/programacao/entrepassos-criacao-e-experiencias-da-arte-urbana;Entrepassos: criação e experiências da arte urbana;;Cursos e Oficinas|Tecnologias e Artes;Jovens|Adulto;Avenida Paulista
1137768;https://www.sescsp.org.br/programacao/clube-do-pedal-30-anos-noturno;Clube do Pedal 30 Anos - Noturno;;Esporte e Atividade Física|Eventos Físico-Esportivos;Diversas idades;Avenida Paulista
60911;https://www.sescsp.org.br/programacao/pilates-2023;Pilates;;Esporte e Atividade Física;Diversas idades;Avenida Paulista
1237166;https://www.sescsp.org.br/programacao/chi-kung-5;Chi Kung;;Esporte e Atividade Física|Práticas Corporais;Diversas idades;Avenida Paulista
162677;https://www.sescsp.org.br/programacao/esporte-crianca-3-a-6-anos-5;Esporte Criança (3 a 6 anos);;Esporte e Atividade Física;Crianças;Avenida Paulista
1249267;https://www.sescsp.org.br/programacao/bordado-de-primavera;Bordado de Primavera;;Cursos e Oficinas|Tecnologias e Artes;Jovens|Adulto|Pessoas idosas|Diversas idades;Avenida Paulista
35074;https://www.sescsp.org.br/programacao/esporte-adulto-judo;Esporte Adulto - Judô;;Esporte e Atividade Física;Adulto;Avenida Paulista
1238386;https://www.sescsp.org.br/programacao/clube-do-livro-do-sesc-av-paulista;Clube do livro do Sesc Av. Paulista;;Encontros e Palestras|Literatura;Jovens|Adulto|Pessoas idosas|Diversas idades;Avenida Paulista
318149;https://www.sescsp.org.br/programacao/esporte-adulto-iniciacao-ao-boxe;Esporte Adulto - Iniciação ao Boxe;;Esporte e Atividade Física|Programa Sesc de Esportes;Diversas idades;Avenida Paulista
58802;https://www.sescsp.org.br/programacao/esporte-crianca-9;Esporte Criança (6 a 10 anos);;Esporte e Atividade Física;Crianças;Avenida Paulista
1136192;https://www.sescsp.org.br/programacao/colae;Colaê;;Encontros e Palestras;Jovens;Avenida Paulista
170767;https://www.sescsp.org.br/programacao/yoga-2023;Yoga;;Esporte e Atividade Física;Diversas idades;Avenida Paulista
35034;https://www.sescsp.org.br/programacao/esporte-adulto-ginastica-para-todos;Esporte Adulto - Ginástica para Todos;;Esporte e Atividade Física;Diversas idades;Avenida Paulista
35055;https://www.sescsp.org.br/programacao/esporte-adulto-corrida;Esporte Adulto - Corrida;;Esporte e Atividade Física;Diversas idades;Avenida Paulista
643949;https://www.sescsp.org.br/programacao/aulas-em-grupo-na-ginastica-multifuncional;Aulas em Grupo na Ginástica Multifuncional;;Esporte e Atividade Física|Ginástica Multifuncional;Diversas idades;Avenida Paulista
1116615;https://www.sescsp.org.br/programacao/primeiras-pedaladas-clube-do-pedal-30-anos;Primeiras Pedaladas - Clube do Pedal 30 Anos;;Esporte e Atividade Física;Diversas idades;Avenida Paulista
1142479;https://www.sescsp.org.br/programacao/movimento-consciente-94;Movimento Consciente;;Esporte e Atividade Física;Adulto|Pessoas idosas;Avenida Paulista
34404;https://www.sescsp.org.br/programacao/esporte-para-idosos;Esporte para Pessoas Idosas;;Esporte e Atividade Física;Pessoas idosas;Avenida Paulista
1253146;https://www.sescsp.org.br/programacao/vivencia-de-futebol-de-rua;Vivência de Futebol de Rua;Esporte e Atividade Física;Esporte e Atividade Física|Eventos Físico-Esportivos;Diversas idades;14 Bis
1253095;https://www.sescsp.org.br/programacao/rodas-de-cuidado-paternidades;Rodas de Cuidado - Paternidades;;Encontros e Palestras;Diversas idades;14 Bis
1252830;https://www.sescsp.org.br/programacao/foto-desenho-poeticas-do-olhar;Foto-desenho: Poéticas do olhar;;Encontros e Palestras|Artes Visuais;Crianças;14 Bis
1253216;https://www.sescsp.org.br/programacao/aula-aberta-de-yoga-17;Aula aberta de Yoga;Esporte e Atividade Física;Esporte e Atividade Física|Eventos Físico-Esportivos;Diversas idades;14 Bis
1253214;https://www.sescsp.org.br/programacao/aula-aberta-de-acroyoga-2;Aula aberta de Acroyoga;Esporte e Atividade Física;Esporte e Atividade Física|Eventos Físico-Esportivos;Diversas idades;14 Bis
1257911;https://www.sescsp.org.br/programacao/nao-recomendados;Não Recomendados;;Shows, Espetáculos e Performances|Música;Diversas idades;14 Bis
1253207;https://www.sescsp.org.br/programacao/funcional-na-pracinha;Funcional na Pracinha;Esporte e Atividade Física;Esporte e Atividade Física|Eventos Físico-Esportivos;Diversas idades;14 Bis
1253102;https://www.sescsp.org.br/programacao/xiang-gong-treinamento-perfumado;Xiang Gong - Treinamento Perfumado;;Esporte e Atividade Física|Práticas Corporais;Diversas idades;14 Bis
1252848;https://www.sescsp.org.br/programacao/onde-cantam-os-ninhos;Onde cantam os Ninhos;;Encontros e Palestras;Crianças|Diversas idades;14 Bis
1253219;https://www.sescsp.org.br/programacao/apresentacao-esportiva-de-basquete-3x3-em-cadeira-de-rodas;Apresentação Esportiva de Basquete 3x3 em cadeira de rodas;Esporte e Atividade Física;Esporte e Atividade Física|Eventos Físico-Esportivos;Diversas idades;14 Bis
1253425;https://www.sescsp.org.br/programacao/orquestra-modesta-14;Orquestra Modesta;;Shows, Espetáculos e Performances|Música;Crianças|Diversas idades;14 Bis
1260525;https://www.sescsp.org.br/programacao/aula-aberta-de-zouk;Aula aberta de Zouk;;Esporte e Atividade Física|Práticas Corporais;Diversas idades;14 Bis
1257376;https://www.sescsp.org.br/programacao/mediacao-nos-brinquedos-naturalizados;Mediação nos Brinquedos Naturalizados;;Esporte e Atividade Física|Práticas Corporais;Crianças;14 Bis
1257913;https://www.sescsp.org.br/programacao/paulinho-boca-de-cantor-3;Paulinho Boca De Cantor;;Shows, Espetáculos e Performances|Música;Diversas idades;14 Bis
1253220;https://www.sescsp.org.br/programacao/corre-com-elas;Corre com Elas;Esporte e Atividade Física;Esporte e Atividade Física|Eventos Físico-Esportivos;Diversas idades;14 Bis
1253224;https://www.sescsp.org.br/programacao/corpo-e-cidade-praticas-que-integram;Corpo e Cidade - Práticas que Integram;Esporte e Atividade Física;Esporte e Atividade Física|Eventos Físico-Esportivos;Diversas idades;14 Bis
1253408;https://www.sescsp.org.br/programacao/vozes-da-independencia-autonomia-alimentar-territorios-e-sustentabilidade;Vozes da independência - autonomia alimentar, territórios e sustentabilidade;;Encontros e Palestras|Meio Ambiente;Crianças|Jovens|Adulto|Pessoas idosas|Diversas idades;14 Bis
1253398;https://www.sescsp.org.br/programacao/vem-fazer-a-feira-maos-que-alimentam-independencia-com-sabor-e-autonomia;Vem fazer a Feira! Mãos que alimentam, independência com sabor e autonomia;;Encontros e Palestras|Meio Ambiente;Diversas idades;14 Bis
1253420;https://www.sescsp.org.br/programacao/orquestra-modesta-15;Orquestra Modesta;;Shows, Espetáculos e Performances|Música;Crianças|Diversas idades;14 Bis
1253042;https://www.sescsp.org.br/programacao/aninhar-um-espaco-para-brincar-e-voar;Aninhar: um espaço para brincar e voar;;Encontros e Palestras;Crianças;14 Bis
1238336;https://www.sescsp.org.br/programacao/o-tempo-em-nos-ritmos-da-nossa-historia;O Tempo em Nós: Ritmos da Nossa História;;Esporte e Atividade Física|Práticas Corporais;Pessoas idosas;14 Bis
1253397;https://www.sescsp.org.br/programacao/clube-do-livro-recitatif;Clube do livro: Recitatif;;Encontros e Palestras|Literatura;Diversas idades;14 Bis
1267982;https://www.sescsp.org.br/programacao/raizes-rasta-2;Raízes Rasta;;Shows, Espetáculos e Performances|Música;Crianças|Jovens|Adulto|Pessoas idosas|Diversas idades;14 Bis
1260764;https://www.sescsp.org.br/programacao/toque-para-exu;Toque para Exu;;Shows, Espetáculos e Performances;Crianças|Jovens|Adulto|Pessoas idosas|Diversas idades;14 Bis
1267966;https://www.sescsp.org.br/programacao/marcelo-gross;Marcelo Gross;;Shows, Espetáculos e Performances|Música;Jovens|Adulto|Pessoas idosas|Diversas idades;14 Bis
1267670;https://www.sescsp.org.br/programacao/parentalidades-lgbt;Parentalidades LGBT+;;Encontros e Palestras|Ações para a Cidadania;Jovens|Adulto|Pessoas idosas|Diversas idades;14 Bis
1253376;https://www.sescsp.org.br/programacao/criando-e-dancando-os-parangoles-de-helio-oiticica;Criando e dançando os parangolés de Hélio Oiticica;;Cursos e Oficinas|Artes Visuais;Pessoas idosas;14 Bis
1260819;https://www.sescsp.org.br/programacao/um-outro-jeito-de-brincar;Um Outro Jeito de Brincar;;Encontros e Palestras;Crianças|Diversas idades;14 Bis
646583;https://www.sescsp.org.br/programacao/movimento-consciente-30;Movimento Consciente;;Esporte e Atividade Física;Pessoas idosas|Diversas idades;14 Bis
1265452;https://www.sescsp.org.br/programacao/praca-aberta-cuidado-de-todos;Praça aberta, cuidado de todos;;Encontros e Palestras|Ações para a Cidadania|Meio Ambiente;Crianças|Jovens|Adulto|Pessoas idosas|Diversas idades;14 Bis
1267748;https://www.sescsp.org.br/programacao/bebeaba-3;Bebeabá;;Encontros e Palestras|Literatura;Crianças|Jovens|Adulto|Pessoas idosas|Diversas idades;14 Bis
1265156;https://www.sescsp.org.br/programacao/quintais-do-brasil-expedicao-pelas-frutas-nativas-do-biomas-brasileiros;Quintais do Brasil: Expedição pelas frutas nativas do biomas brasileiros;;Encontros e Palestras|Alimentação;Crianças|Jovens|Adulto|Pessoas idosas|Diversas idades;14 Bis
1228885;https://www.sescsp.org.br/programacao/ponto-de-encontro-vozes-do-tempo;Ponto de Encontro - Vozes do Tempo;;Encontros e Palestras|Ações para a Cidadania;Pessoas idosas;14 Bis
1167905;https://www.sescsp.org.br/programacao/recreacao-monitorada-de-badminton-2;Recreação Monitorada de Badminton;Esporte e Atividade Física|recreação;;;14 Bis
1108901;https://www.sescsp.org.br/programacao/conexao-jovem;Conexão Jovem;Jovens;;;14 Bis
1260597;https://www.sescsp.org.br/programacao/ponto-de-encontro-perspectivas-e-envelhecimento;Ponto de Encontro - Perspectivas e envelhecimento;;Encontros e Palestras|Ações para a Cidadania;Pessoas idosas;14 Bis
646659;https://www.sescsp.org.br/programacao/recreacoes-esportivas-de-multimodalidades-2;Recreações Esportivas de Multimodalidades;Esporte e Atividade Física|aula aberta|recreação|Crianças;;;14 Bis
646598;https://www.sescsp.org.br/programacao/gmf-treino-coletivo-2;GMF Treino Coletivo;;Esporte e Atividade Física|Ginástica Multifuncional;Jovens|Adulto|Pessoas idosas|Diversas idades;14 Bis
1167914;https://www.sescsp.org.br/programacao/recreacao-monitorada-de-tenis-de-mesa-2;Recreação Monitorada de Tênis de Mesa;Esporte e Atividade Física|recreação;;;14 Bis
592027;https://www.sescsp.org.br/programacao/esporte-para-pessoas-idosas-2;Esporte Para Pessoas Idosas;Esporte e Atividade Física|esporte para idosos (60+);;;14 Bis
486123;https://www.sescsp.org.br/programacao/pse-aula-aberta-de-corrida;PSE - Aula Aberta de Corrida;;Esporte e Atividade Física;Jovens|Adulto|Pessoas idosas|Diversas idades;14 Bis
486144;https://www.sescsp.org.br/programacao/pse-aula-aberta-de-jogos-de-lutas;PSE - Aula aberta de Jogos de Lutas;;Esporte e Atividade Física;Crianças|Jovens|Adulto|Pessoas idosas|Diversas idades;14 Bis
1108320;https://www.sescsp.org.br/programacao/bora-trocar-livros-4;Bora trocar livros!;;Encontros e Palestras|Literatura;Diversas idades;14 Bis
1240824;https://www.sescsp.org.br/programacao/inventar-a-rua-atravessar-a-imagem-grupo-de-estudos-sobre-fotografia-e-cidade;Inventar a rua, atravessar a imagem: grupo de estudos sobre fotografia e cidade;;Cursos e Oficinas|Artes Visuais;Adulto|Pessoas idosas;Centro de Pesquisa e Formação
1254961;https://www.sescsp.org.br/programacao/iv-seminario-caleidoscopio-das-acoes-afirmativas;IV Seminário Caleidoscópio das Ações Afirmativas  ;;Cursos e Oficinas|Ações para a Cidadania;Adulto|Pessoas idosas;Centro de Pesquisa e Formação
1255384;https://www.sescsp.org.br/programacao/esporte-pertencimento-e-bem-estar;Esporte, Pertencimento e Bem-estar;;Encontros e Palestras|Esporte e Atividade Física|Gestão Cultural;Jovens|Adulto|Pessoas idosas;Centro de Pesquisa e Formação
1260627;https://www.sescsp.org.br/programacao/a-poesia-ta-nas-minhas-maos;A poesia tá nas minhas mãos;;Encontros e Palestras|Literatura;Adulto|Pessoas idosas;Centro de Pesquisa e Formação
1252098;https://www.sescsp.org.br/programacao/mutacoes-uma-sociedade-amoral;Mutações: Uma sociedade amoral;;Encontros e Palestras|Literatura;Jovens|Adulto|Pessoas idosas;Centro de Pesquisa e Formação
1255394;https://www.sescsp.org.br/programacao/interseccionalidade-e-transdisciplinaridade-docencia-e-leis-10639-02-e-11645-08;Interseccionalidade e transdisciplinaridade: docência e leis 10639/02 e 11645/08;;Encontros e Palestras|Ações para a Cidadania;Jovens|Adulto|Pessoas idosas;Centro de Pesquisa e Formação
1255389;https://www.sescsp.org.br/programacao/cine-debate-quando-a-arte-imita-a-vida-suicidio-em-cena-a-metade-de-nos;Cine-debate: Quando a arte imita a vida: suicídio em cena - A metade de nós;;Encontros e Palestras|Ações para a Cidadania;Crianças|Adulto|Pessoas idosas;Centro de Pesquisa e Formação
1207292;https://www.sescsp.org.br/programacao/grupo-de-estudos-negros-epistemologias-e-metodologias-afrodiasporicas;Grupo de Estudos Negros: Epistemologias e Metodologias Afrodiaspóricas;;Cursos e Oficinas|Ações para a Cidadania;Adulto;Centro de Pesquisa e Formação
1257358;https://www.sescsp.org.br/programacao/permacultura-na-cidade-modulo-8-permacultura-em-casa;Permacultura na Cidade - módulo 8, permacultura em casa ;;Cursos e Oficinas|Meio Ambiente;Adulto|Pessoas idosas;Centro de Pesquisa e Formação
1255398;https://www.sescsp.org.br/programacao/prosas-musicais-carla-corsino-e-a-alma-brasileira-parte-ii;Prosas Musicais: Carla Corsino e a Alma Brasileira (Parte II);;Encontros e Palestras|Música;Jovens|Adulto|Pessoas idosas;Centro de Pesquisa e Formação
1255399;https://www.sescsp.org.br/programacao/diversidade-cultural-e-sustentabilidade-empresarial;Diversidade cultural e sustentabilidade empresarial;;Cursos e Oficinas|Gestão Cultural;Jovens|Adulto|Pessoas idosas;Centro de Pesquisa e Formação
1254954;https://www.sescsp.org.br/programacao/o-tempo-que-nos-habita;O tempo que nos habita ;;Cursos e Oficinas|Ações para a Cidadania;Pessoas idosas;Centro de Pesquisa e Formação
1255361;https://www.sescsp.org.br/programacao/oficina-de-escrita-como-as-criancas-leem;Oficina de escrita: como as crianças leem?;;Cursos e Oficinas|Literatura;Jovens|Adulto|Pessoas idosas;Centro de Pesquisa e Formação
1253494;https://www.sescsp.org.br/programacao/militancias-e-resistencias-o-poder-das-narrativas-e-dos-lugares-de-memoria;Militâncias e resistências: o poder das narrativas e dos lugares de memória ;;Cursos e Oficinas|Gestão Cultural;Adulto|Pessoas idosas;Centro de Pesquisa e Formação
1255727;https://www.sescsp.org.br/programacao/casas-espacos-de-producoes-culturais-livraria-simples-e-biblioteca-comunitaria;Casas espaços de produções culturais;;Cursos e Oficinas|Gestão Cultural;Jovens|Adulto|Pessoas idosas;Centro de Pesquisa e Formação
1264032;https://www.sescsp.org.br/programacao/vidas-a-margem-corpos-que-narram-vidas-que-resistem;Vidas à margem: corpos que narram, vidas que resistem;;Encontros e Palestras|Literatura;Diversas idades;Centro de Pesquisa e Formação
1254949;https://www.sescsp.org.br/programacao/brasil-em-foco-geo-politica-e-economia-glocal;Brasil em Foco: [geo] política e economia glocal? ;;Cursos e Oficinas|Ações para a Cidadania;Adulto|Pessoas idosas;Centro de Pesquisa e Formação
1254922;https://www.sescsp.org.br/programacao/o-deserto-fertil-da-escrita-modulo-1;O deserto fértil da escrita: módulo 1 ;;Cursos e Oficinas|Literatura;Jovens|Adulto|Pessoas idosas;Centro de Pesquisa e Formação
1264502;https://www.sescsp.org.br/programacao/seminario-raiz-de-santo-a-formacao-do-candomble-banto-no-brasil;Seminário Raiz de Santo - A formação do candomblé banto no Brasil;;Encontros e Palestras|Ações para a Cidadania;Diversas idades;Centro de Pesquisa e Formação
1255705;https://www.sescsp.org.br/programacao/walter-benjamin-uma-introducao;Walter Benjamin: uma introdução;;Cursos e Oficinas|Ações para a Cidadania;Jovens|Adulto|Pessoas idosas;Centro de Pesquisa e Formação
1255678;https://www.sescsp.org.br/programacao/saberes-indigenas-cosmologia-xinguana-e-futuro-ancestra;Saberes indígenas: cosmologia xinguana e futuro ancestral;;Cursos e Oficinas|Gestão Cultural;Jovens|Adulto|Pessoas idosas;Centro de Pesquisa e Formação
1264715;https://www.sescsp.org.br/programacao/rever-historias-contos-que-nascem-da-barriga-do-chao;Rever Histórias - Contos que nascem da barriga do chão;;Encontros e Palestras|Literatura;Diversas idades;Centro de Pesquisa e Formação
1264033;https://www.sescsp.org.br/programacao/o-que-eu-desejo-ainda-nao-tem-nome-para-clarice-lispector;O que eu desejo ainda não tem nome: para Clarice Lispector;;Encontros e Palestras|Música;Diversas idades;Centro de Pesquisa e Formação
1264019;https://www.sescsp.org.br/programacao/artesania-da-producao-cultural-como-executar-um-projeto-cultural;Artesania da Produção Cultural - Como executar um projeto cultural;;Encontros e Palestras|Gestão Cultural;Diversas idades;Centro de Pesquisa e Formação
1255404;https://www.sescsp.org.br/programacao/on-line-literatura-juvenil-historias-que-transformam;[on-line] Literatura juvenil: histórias que transformam;;Cursos e Oficinas|Literatura;Jovens|Adulto|Pessoas idosas;Centro de Pesquisa e Formação
1264717;https://www.sescsp.org.br/programacao/xx-caruru-de-sao-cosme-damiao;XX Caruru de São Cosme Damião;;Encontros e Palestras|Música;Diversas idades;Centro de Pesquisa e Formação
1253860;https://www.sescsp.org.br/programacao/asas-das-palavras-dialogos-entre-cancao-e-literatura-no-palco-das-artes;Asas das palavras - Diálogos entre canção e literatura no palco das artes ;;Cursos e Oficinas|Música;Adulto|Pessoas idosas;Centro de Pesquisa e Formação
1254952;https://www.sescsp.org.br/programacao/captacao-de-recursos-em-organizacoes-esportivas;Captação de recursos em organizações esportivas ;;Cursos e Oficinas|Esporte e Atividade Física;Jovens|Adulto|Pessoas idosas;Centro de Pesquisa e Formação
1264034;https://www.sescsp.org.br/programacao/o-processo-criativo-e-a-palhacaria;O Processo Criativo e a Palhaçaria;;Cursos e Oficinas|Circo;Diversas idades;Centro de Pesquisa e Formação
1264035;https://www.sescsp.org.br/programacao/clima-sustentabilidade-e-regeneracao-na-cultura;Clima, sustentabilidade e regeneração na cultura;;Encontros e Palestras|Meio Ambiente;Diversas idades;Centro de Pesquisa e Formação
1264036;https://www.sescsp.org.br/programacao/fotografia-e-arquitetura-luz-espaco-e-expressao;Fotografia e Arquitetura: luz, espaço e expressão;;Encontros e Palestras|Artes Visuais;Diversas idades;Centro de Pesquisa e Formação
1264020;https://www.sescsp.org.br/programacao/historia-das-exposicoes-e-bienais-estudos-e-formatos;História das Exposições e Bienais - estudos e formatos;;Encontros e Palestras|Gestão Cultural;Diversas idades;Centro de Pesquisa e Formação
1254916;https://www.sescsp.org.br/programacao/semear-o-sonho-e-reflorestar-a-memoria-criacao-em-artes-e-poeticas-indigenas;Semear o sonho e reflorestar a memória: criação em artes e poéticas indígenas ;;Cursos e Oficinas|Gestão Cultural;Adulto|Pessoas idosas;Centro de Pesquisa e Formação
1264855;https://www.sescsp.org.br/programacao/disforia-digital-corpos-desejo-e-algoritmos-no-regime-tecnopolitico;Disforia digital: corpos, desejo e algoritmos no regime tecnopolítico;;Encontros e Palestras|Ações para a Cidadania;Diversas idades;Centro de Pesquisa e Formação
1264040;https://www.sescsp.org.br/programacao/fotografia-e-arquitetura-leitura-de-portfolio-com-paul-clemence;Fotografia e Arquitetura: leitura de portfólio com Paul Clemence;;Encontros e Palestras|Artes Visuais;Diversas idades;Centro de Pesquisa e Formação
1264503;https://www.sescsp.org.br/programacao/seminario-de-lancamento-da-revista-omenelick-2o-ato-numero-22;Seminário de Lançamento da Revista O Menelick 2º Ato - Número 22;;Encontros e Palestras|Artes Visuais;Diversas idades;Centro de Pesquisa e Formação
1264149;https://www.sescsp.org.br/programacao/juan-tamariz-o-legado-e-a-trajetoria-de-um-genio-da-magica;Juan Tamariz: o legado e a trajetória de um gênio da mágica;;Cursos e Oficinas|Circo;Diversas idades;Centro de Pesquisa e Formação
1264021;https://www.sescsp.org.br/programacao/permacultura-na-cidade-modulo-9-producao-de-alimentos-em-meio-urbano;Permacultura na Cidade – módulo 9, produção de alimentos em meio urbano;;Encontros e Palestras|Meio Ambiente|Gestão Cultural;Diversas idades;Centro de Pesquisa e Formação
1264499;https://www.sescsp.org.br/programacao/villa-lobos-vida-e-obra;Villa-Lobos: Vida e Obra;;Cursos e Oficinas|Música;Diversas idades;Centro de Pesquisa e Formação
1264023;https://www.sescsp.org.br/programacao/autografias-raymond-williams-e-educacao;Autografias: Raymond Williams e Educação;;Cursos e Oficinas|Ações para a Cidadania;Diversas idades;Centro de Pesquisa e Formação
1264151;https://www.sescsp.org.br/programacao/online-tecnologia-e-o-futuro-das-proteinas;Online - Tecnologia e o futuro das proteínas;;Cursos e Oficinas|Alimentação;Diversas idades;Centro de Pesquisa e Formação
1265049;https://www.sescsp.org.br/programacao/octavio-ianni-100-anos-a-atualidade-de-uma-sociologia-critica;Octavio Ianni, 100 anos: a atualidade de uma sociologia crítica;;Encontros e Palestras|Ações para a Cidadania;Diversas idades;Centro de Pesquisa e Formação
1264024;https://www.sescsp.org.br/programacao/autografias-kabas-garandi-ensaios-sobre-a-literatura-guineense;"Autografias ""Kabás Garandi"": ensaios sobre a literatura guineense";;Shows, Espetáculos e Performances|Literatura;Diversas idades;Centro de Pesquisa e Formação
1264154;https://www.sescsp.org.br/programacao/acro-rebolado-da-mao-no-joelho-as-acrobacias-no-funk;Acro rebolado: da mão no joelho às acrobacias no Funk;;Cursos e Oficinas|Dança;Diversas idades;Centro de Pesquisa e Formação
1264415;https://www.sescsp.org.br/programacao/prevencao-dos-transtornos-alimentares-comida-corpo-e-movimento;Prevenção dos transtornos alimentares: comida, corpo e movimento;;Cursos e Oficinas|Esporte e Atividade Física;Diversas idades;Centro de Pesquisa e Formação
1264017;https://www.sescsp.org.br/programacao/pessoas-60-democracia-cidadania-ativa-e-bem-viver;Pessoas 60+: democracia, cidadania ativa e bem viver;;Cursos e Oficinas|Ações para a Cidadania;Pessoas idosas;Centro de Pesquisa e Formação
1264372;https://www.sescsp.org.br/programacao/sinfonias-da-cidade-no-cinema;Sinfonias da cidade no cinema;;Cursos e Oficinas|Cinema;Diversas idades;Centro de Pesquisa e Formação
1264041;https://www.sescsp.org.br/programacao/diasporas-entre-a-tradicao-e-o-contemporaneo;Diásporas: Entre a tradição e o contemporâneo;;Cursos e Oficinas;Adulto;Centro de Pesquisa e Formação
1264025;https://www.sescsp.org.br/programacao/autografias-dercy-a-diva-debochada;Autografias: Dercy: a diva debochada;;Cinema;Diversas idades;Centro de Pesquisa e Formação
1264016;https://www.sescsp.org.br/programacao/nos-cadernos-de-receitas-as-joias-da-familia;Nos cadernos de receitas, as joias da família;;Cursos e Oficinas|Alimentação;Diversas idades;Centro de Pesquisa e Formação
1264720;https://www.sescsp.org.br/programacao/cine-debate-apenas-coisas-boas;Cine Debate: Apenas coisas boas;;Encontros e Palestras|Cinema;Diversas idades;Centro de Pesquisa e Formação
1264121;https://www.sescsp.org.br/programacao/online-o-livro-como-invencao-angela-lago-e-o-pensamento-do-livro-ilustrado;ONLINE - O livro como invenção: Angela Lago e o pensamento do livro ilustrado;;Cursos e Oficinas|Literatura;Diversas idades;Centro de Pesquisa e Formação
1264026;https://www.sescsp.org.br/programacao/autografias-carandiru-patrimonio-prisional;Autografias: Carandiru, Patrimônio Prisional;;Encontros e Palestras|Ações para a Cidadania;Diversas idades;Centro de Pesquisa e Formação
1264925;https://www.sescsp.org.br/programacao/territorios-e-experiencias-da-ancestralidade-africana-na-ilha-de-itaparica;Territórios e experiências da ancestralidade africana na Ilha de Itaparica;;Encontros e Palestras|Gestão Cultural;Diversas idades;Centro de Pesquisa e Formação
1265511;https://www.sescsp.org.br/programacao/arte-e-midias-digitais;Arte e mídias digitais;;Cursos e Oficinas|Artes Visuais;Diversas idades;Centro de Pesquisa e Formação
1264708;https://www.sescsp.org.br/programacao/hyldon-10;Em Primeira Pessoa: Hyldon;;Encontros e Palestras|Música;Diversas idades;Centro de Pesquisa e Formação
1264729;https://www.sescsp.org.br/programacao/dramaturgas-contemporaneas-as-mulheres-dos-cabelos-prateados;Dramaturgas Contemporâneas: As Mulheres dos Cabelos Prateados;;Encontros e Palestras|Teatro;Diversas idades;Centro de Pesquisa e Formação
1264015;https://www.sescsp.org.br/programacao/desejo-necessidade-e-vontade-a-alimentacao-e-a-classe-social-na-ficcao;Desejo, necessidade e vontade - a alimentação e a classe social na ficção;;Cursos e Oficinas|Alimentação;Diversas idades;Centro de Pesquisa e Formação
1264916;https://www.sescsp.org.br/programacao/praticas-de-herbalismo-ervas-e-cuidados-para-o-dia-a-dia;Práticas de Herbalismo: ervas e cuidados para o dia a dia;;Cursos e Oficinas|Gestão Cultural;Diversas idades;Centro de Pesquisa e Formação
1264428;https://www.sescsp.org.br/programacao/o-cinema-pernambucano-contemporaneo-geracoes-lirio-ferreira-e-gabriel-mascaro;O Cinema Pernambucano Contemporâneo, Gerações: Lírio Ferreira e Gabriel Mascaro;;Cursos e Oficinas|Cinema;Diversas idades;Centro de Pesquisa e Formação
1254919;https://www.sescsp.org.br/programacao/ditadura-argentina-50-anos-depois-direitos-humanos-e-memorias-em-disputas;Ditadura argentina, 50 anos depois: direitos humanos e memórias em disputas ;;Cursos e Oficinas|Ações para a Cidadania;Adulto|Pessoas idosas;Centro de Pesquisa e Formação
1264444;https://www.sescsp.org.br/programacao/fronteiras-do-taiko-tradicao-corporeidade-e-interculturalidade;Fronteiras do taiko: tradição, corporeidade e interculturalidade;;Encontros e Palestras|Música;Diversas idades;Centro de Pesquisa e Formação
1264739;https://www.sescsp.org.br/programacao/rever-historias-ousar-travessias;Rever Histórias - Ousar Travessias;;Encontros e Palestras|Literatura;Diversas idades;Centro de Pesquisa e Formação
1264492;https://www.sescsp.org.br/programacao/vida-e-obra-de-vadico;Vida e obra de Vadico;;Encontros e Palestras|Música;Diversas idades;Centro de Pesquisa e Formação
1264723;https://www.sescsp.org.br/programacao/cine-debate-quando-a-arte-imita-a-vida-suicidio-em-cena-alarme-silencioso;Cine Debate - Quando a arte imita a vida: suicídio em cena - Alarme silencioso;;Encontros e Palestras|Cinema|Saúde;Diversas idades;Centro de Pesquisa e Formação
1130749;https://www.sescsp.org.br/programacao/curso-sesc-de-gestao-cultural-2026;Curso Sesc de Gestão Cultural 2026;curso;;;Centro de Pesquisa e Formação
1264018;https://www.sescsp.org.br/programacao/ia-soberania-digital-e-autonomia-tecnologica-da-critica-a-criacao;IA, Soberania Digital e Autonomia Tecnológica - da crítica à criação;;Cursos e Oficinas|Ações para a Cidadania;Diversas idades;Centro de Pesquisa e Formação
1264493;https://www.sescsp.org.br/programacao/oswaldo-de-camargo-90-anos-literatura-negra-memoria-e-identidade;Oswaldo de Camargo 90 anos: Literatura Negra, Memória e Identidade;;Encontros e Palestras|Ações para a Cidadania;Diversas idades;Centro de Pesquisa e Formação
1264745;https://www.sescsp.org.br/programacao/prosas-musicais-oriente-e-ocidente-com-tahir;Prosas Musicais: Oriente e Ocidente;;Encontros e Palestras|Música;Diversas idades;Centro de Pesquisa e Formação
1264420;https://www.sescsp.org.br/programacao/online-em-jogo-o-futebol-no-documentario-brasileiro-2;[Online] Em jogo: o futebol no documentário brasileiro;;Cursos e Oficinas|Cinema;Diversas idades;Centro de Pesquisa e Formação
1264027;https://www.sescsp.org.br/programacao/autografias-educar-as-tecnologias-elogio-a-presenca-e-aos-tempos-do-pensar;Autografias – Educar as tecnologias elogio à presença e aos tempos do pensar;;Encontros e Palestras|Ações para a Cidadania;Diversas idades;Centro de Pesquisa e Formação
1264028;https://www.sescsp.org.br/programacao/autografias-little-fish-big-fish;Autografias: Little fish, big fish;;Encontros e Palestras|Literatura;Diversas idades;Centro de Pesquisa e Formação
1264942;https://www.sescsp.org.br/programacao/formacao-de-agentes-de-sustentabilidade-e-regeneracao-parte-i;Formação de agentes de sustentabilidade e regeneração: parte I;;Cursos e Oficinas|Gestão Cultural;Diversas idades;Centro de Pesquisa e Formação
1254925;https://www.sescsp.org.br/programacao/a-construcao-do-impossivel-a-autoria-na-arte-magica;A construção do impossível: a autoria na arte mágica ;;Cursos e Oficinas|Circo;Adulto|Pessoas idosas;Centro de Pesquisa e Formação
1265044;https://www.sescsp.org.br/programacao/chamar-as-coisas-por-seu-nome;Chamar as coisas por seu nome;;Encontros e Palestras|Ações para a Cidadania;Diversas idades;Centro de Pesquisa e Formação
1264494;https://www.sescsp.org.br/programacao/investigacoes-sobre-os-autorretratos-paisagens-de-laura-aguilar;Investigações sobre os autorretratos-paisagens de Laura Aguilar;;Cursos e Oficinas|Ações para a Cidadania;Diversas idades;Centro de Pesquisa e Formação
1264952;https://www.sescsp.org.br/programacao/casas-espacos-de-producoes-culturais-centro-cultural-marieta-e-casa-piracema;Casas espaços de produções culturais: Centro Cultural Marieta e Casa Piracema;;Encontros e Palestras|Gestão Cultural;Diversas idades;Centro de Pesquisa e Formação
1264377;https://www.sescsp.org.br/programacao/o-deserto-fertil-da-escrita-modulo-2;O deserto fértil da escrita: módulo 2;;Cursos e Oficinas|Literatura;Diversas idades;Centro de Pesquisa e Formação
1229341;https://www.sescsp.org.br/programacao/democratizacao-do-colo-educacao-antirracista-com-bebes-e-criancas-pequenas;Democratização do colo: educação antirracista com bebês e crianças pequenas;;Cursos e Oficinas|Ações para a Cidadania;Adulto|Pessoas idosas;Centro de Pesquisa e Formação
1264029;https://www.sescsp.org.br/programacao/autografias-na-ciranda-do-tempo;Autografias - Na Ciranda do Tempo;;Encontros e Palestras|Literatura;Diversas idades;Centro de Pesquisa e Formação
1264760;https://www.sescsp.org.br/programacao/romulo-froes-cao-20-anos;"Romulo Fróes, ""Cão"": 20 anos";;Encontros e Palestras|Música;Diversas idades;Centro de Pesquisa e Formação
1264763;https://www.sescsp.org.br/programacao/clube-de-leitura-memorias-do-subsolo-de-fiodor-dostoievki;"Clube de Leitura: ""Memórias do Subsolo"", de Fiódor Dostóiévki";;Encontros e Palestras|Literatura;Diversas idades;Centro de Pesquisa e Formação
1264030;https://www.sescsp.org.br/programacao/autografias-vagaluz;Autografias: Vagaluz;;Encontros e Palestras|Literatura;Diversas idades;Centro de Pesquisa e Formação
1264498;https://www.sescsp.org.br/programacao/vem-brincar-mais-eu-mano-meu-danca-som-e-mandinga-do-reconcavo-baiano;"""Vem brincar mais eu, mano meu"": dança, som e mandinga do Recôncavo Baiano";;Cursos e Oficinas|Dança;Diversas idades;Centro de Pesquisa e Formação
1264010;https://www.sescsp.org.br/programacao/bell-hooks-e-paulo-freire-o-amor-como-ponte-para-a-aprendizagem;bell hooks e Paulo Freire: o amor como ponte para a aprendizagem;;Cursos e Oficinas|Ações para a Cidadania;Diversas idades;Centro de Pesquisa e Formação
1264038;https://www.sescsp.org.br/programacao/a-critica-musical-tem-futuro-os-caminhos-da-critica-musical-no-seculo-xxi;A crítica musical tem futuro? Os caminhos da crítica musical no século XXI;;Cursos e Oficinas|Música;Diversas idades;Centro de Pesquisa e Formação
1264495;https://www.sescsp.org.br/programacao/e-se-as-mulheres-fossem-divinas;E se as mulheres fossem divinas?;;Cursos e Oficinas|Ações para a Cidadania;Diversas idades;Centro de Pesquisa e Formação
1157000;https://www.sescsp.org.br/programacao/grupo-de-estudos-em-circo;Grupo de estudos em circo;;Cursos e Oficinas;Crianças|Adulto;Centro de Pesquisa e Formação
1265512;https://www.sescsp.org.br/programacao/arte-ecologia-e-diaspora;Arte, Ecologia e Diáspora;;Cursos e Oficinas|Artes Visuais;Diversas idades;Centro de Pesquisa e Formação
1265047;https://www.sescsp.org.br/programacao/o-cinema-de-charlie-chaplin;O cinema de Charlie Chaplin;;Cinema;Diversas idades;Centro de Pesquisa e Formação
1210504;https://www.sescsp.org.br/programacao/curso-sesc-de-gestao-do-esporte-diversidade-cultura-e-lazer-2026-2027;Curso Sesc de Gestão do Esporte  diversidade, cultura e lazer  2026/2027;;Cursos e Oficinas|Esporte e Atividade Física;Adulto;Centro de Pesquisa e Formação
1264496;https://www.sescsp.org.br/programacao/portugues-como-lingua-estrangeira-cultura-brasileira-e-lingua-de-acolhimento;Português como Língua Estrangeira, Cultura brasileira e Língua de Acolhimento;;Cursos e Oficinas|Ações para a Cidadania;Diversas idades;Centro de Pesquisa e Formação
1253783;https://www.sescsp.org.br/programacao/primavera-para-hitler;Primavera Para Hitler;;Cinema;Adulto;CineSesc
1253799;https://www.sescsp.org.br/programacao/filmar-ou-morrer;Filmar Ou Morrer;;Cinema;Adulto|Pessoas idosas;CineSesc
1253800;https://www.sescsp.org.br/programacao/fernando-coni-campos-cada-um-vive-como-sonha;Fernando Coni Campos: Cada Um Vive Como Sonha;;Cinema;Adulto|Pessoas idosas;CineSesc
1253801;https://www.sescsp.org.br/programacao/as-pequenas-margaridas-2;As Pequenas Margaridas ;;Cinema;Adulto|Pessoas idosas;CineSesc
1253802;https://www.sescsp.org.br/programacao/polyester-2;Polyester;;Cinema;Adulto|Pessoas idosas;CineSesc
1253811;https://www.sescsp.org.br/programacao/a-garota-negra;A Garota Negra;;Cinema;Crianças|Jovens|Adulto|Pessoas idosas|Diversas idades;CineSesc
1253823;https://www.sescsp.org.br/programacao/o-encouracado-potemkin-com-trilha-sonora-de-dimitri-shostakovitch;O Encouraçado Potemkin - Com Trilha Sonora de Dimitri Shostakovitch;;Cinema;Adulto|Pessoas idosas;CineSesc
1255458;https://www.sescsp.org.br/programacao/nao-e-um-filme-caseiro-2;Não É Um Filme Caseiro;;Cinema;Adulto|Pessoas idosas;CineSesc
1258659;https://www.sescsp.org.br/programacao/papaya-2;Papaya;;Cinema;Crianças|Diversas idades;CineSesc
1253779;https://www.sescsp.org.br/programacao/morte-e-vida-madalena-3;Morte E Vida Madalena;;Cinema;Adulto|Pessoas idosas;CineSesc
1264897;https://www.sescsp.org.br/programacao/lancamento-do-livro-um-seculo-de-documentario-brasileiro;Lançamento do livro Um século de documentário brasileiro;;Cinema;Adulto;CineSesc
1255456;https://www.sescsp.org.br/programacao/meu-nome-e-maria-2;Meu Nome É Maria;;Cinema;Adulto|Pessoas idosas;CineSesc
1255450;https://www.sescsp.org.br/programacao/o-coringa-do-cinema;O Coringa Do Cinema;;Cinema;Crianças|Jovens|Adulto|Pessoas idosas|Diversas idades;CineSesc
1255460;https://www.sescsp.org.br/programacao/os-encontros-de-anna-4;Os Encontros de Anna;;Cinema;Adulto|Pessoas idosas;CineSesc
1264171;https://www.sescsp.org.br/programacao/costurando-ceus-criacao-de-videos-poeticos-para-redes-sociais;Costurando Céus - Criação de vídeos poéticos para redes sociais;;Cursos e Oficinas|Cinema;Adulto;CineSesc
1255454;https://www.sescsp.org.br/programacao/homenagem;Homenagem;;Cinema;Adulto|Pessoas idosas;CineSesc
1255448;https://www.sescsp.org.br/programacao/mazzaropi-o-cineasta-das-plateias;Mazzaropi - O Cineasta Das Platéias;;Cinema;Crianças|Jovens|Adulto|Pessoas idosas|Diversas idades;CineSesc
1255464;https://www.sescsp.org.br/programacao/fragmentos-da-vida;Fragmentos da Vida;;Cinema;Adulto|Pessoas idosas;CineSesc
1255446;https://www.sescsp.org.br/programacao/humberto-mauro;Humberto Mauro;;Cinema;Crianças|Jovens|Adulto|Pessoas idosas|Diversas idades;CineSesc
1251753;https://www.sescsp.org.br/programacao/fraudes-e-golpes-na-era-da-inteligencia-artificial;Fraudes e Golpes na Era da Inteligência Artificial;;Cursos e Oficinas|Ações para a Cidadania;Pessoas idosas;Pompeia
1264140;https://www.sescsp.org.br/programacao/espaco-trajetorias-do-corpo;Espaço Trajetórias do Corpo;;Esporte e Atividade Física|Práticas Corporais;Crianças|Jovens|Adulto|Diversas idades;Pompeia
1264381;https://www.sescsp.org.br/programacao/estrategias-de-interpretacao-de-lingua-de-sinais-em-aulas-de-yoga;Estratégias de interpretação de língua de sinais em aulas de yoga;;Esporte e Atividade Física|Práticas Corporais;Diversas idades;Pompeia
1252338;https://www.sescsp.org.br/programacao/bestiario-pink;Bestiário Pink;;Shows, Espetáculos e Performances|Dança;Adulto;Pompeia
1260532;https://www.sescsp.org.br/programacao/nara-couto-4;Nara Couto;;Shows, Espetáculos e Performances|Música;Jovens|Adulto;Pompeia
1256314;https://www.sescsp.org.br/programacao/tinariwen-mli;Tinariwen (Mali/ Argélia);;Shows, Espetáculos e Performances|Música;Diversas idades;Pompeia
1259523;https://www.sescsp.org.br/programacao/labin-arqueologia-e-artes-experimentos;LabIN - Arqueologia e Artes: experimentos;;Cursos e Oficinas|Tecnologias e Artes;Crianças;Pompeia
1247559;https://www.sescsp.org.br/programacao/clube-de-leitura-eremim-com-lancamento-de-livro;Clube de Leitura Eremim com Lançamento de livro;;Encontros e Palestras|Literatura;Crianças|Jovens|Diversas idades;Pompeia
1264387;https://www.sescsp.org.br/programacao/a-regra-e-caber-todo-mundo;A regra é caber todo mundo;;Esporte e Atividade Física;Diversas idades;Pompeia
1260666;https://www.sescsp.org.br/programacao/croche-criativo-pontos-graficos-e-pecas-utilitarias;Crochê Criativo: Pontos, Gráficos e Peças Utilitárias;;Cursos e Oficinas|Tecnologias e Artes;Adulto;Pompeia
1260719;https://www.sescsp.org.br/programacao/introducao-a-tecnicas-de-gravura;Introdução à técnicas de gravura;;Cursos e Oficinas|Tecnologias e Artes;Adulto;Pompeia
1260688;https://www.sescsp.org.br/programacao/faca-sua-ecobag-autoral-com-kari-pozzer;Faça sua Ecobag Autoral;;Cursos e Oficinas|Tecnologias e Artes;Adulto;Pompeia
1260726;https://www.sescsp.org.br/programacao/marcenaria-para-iniciantes-brinquedos-de-madeira;Marcenaria para Iniciantes: Brinquedos de Madeira;;Cursos e Oficinas|Tecnologias e Artes;Adulto;Pompeia
1260727;https://www.sescsp.org.br/programacao/oficina-de-ceramica-para-iniciantes-2;Oficina de Cerâmica para Iniciantes;;Cursos e Oficinas|Tecnologias e Artes;Adulto;Pompeia
1260692;https://www.sescsp.org.br/programacao/flores-em-aquarela-2;Flores em aquarela;;Cursos e Oficinas|Tecnologias e Artes;Adulto;Pompeia
1260722;https://www.sescsp.org.br/programacao/fotografia-na-lata;Fotografia na Lata;;Cursos e Oficinas|Tecnologias e Artes;Adulto;Pompeia
1260239;https://www.sescsp.org.br/programacao/varal-de-memorias;Varal de Memórias;;Cursos e Oficinas|Tecnologias e Artes;Adulto;Pompeia
1256794;https://www.sescsp.org.br/programacao/4encontros-educomunicacao-e-justica-climatica;4ENCONTROS: Educomunicação e Justiça Climática;;Cursos e Oficinas|Ações para a Cidadania;Jovens;Pompeia
1254203;https://www.sescsp.org.br/programacao/abebelhas-colmeia-sensorial-para-bebes-13;Abebêlhas: colmeia sensorial para bebês;;Encontros e Palestras;Crianças;Pompeia
1258866;https://www.sescsp.org.br/programacao/no-gogo-pagode-do-fofo;No Gogó - Pagode do Fofo;;Shows, Espetáculos e Performances;Diversas idades;Pompeia
1260604;https://www.sescsp.org.br/programacao/kiko-dinucci-4;Kiko Dinucci;;Shows, Espetáculos e Performances|Música;Diversas idades;Pompeia
1264435;https://www.sescsp.org.br/programacao/festival-de-triatlhon;Festival de Triatlhon;;Encontros e Palestras|Esporte e Atividade Física;Jovens|Adulto;Pompeia
1260616;https://www.sescsp.org.br/programacao/vanguart-11;Vanguart;;Shows, Espetáculos e Performances|Música;Diversas idades;Pompeia
1264379;https://www.sescsp.org.br/programacao/yoga-em-libras;Yoga em libras;;Esporte e Atividade Física|Práticas Corporais;Diversas idades;Pompeia
1257939;https://www.sescsp.org.br/programacao/espaco-trajetorias-do-corpo-vincular-a-semana-move;Espaço Trajetórias do Corpo;;Esporte e Atividade Física|Práticas Corporais;Jovens|Adulto|Diversas idades;Pompeia
1260738;https://www.sescsp.org.br/programacao/cenario-sombra-e-brincadeira;Cenário, sombra e brincadeira;;Cursos e Oficinas|Tecnologias e Artes;Adulto;Pompeia
1260731;https://www.sescsp.org.br/programacao/bichinhos-de-ceramica;Bichinhos de Cerâmica;;Cursos e Oficinas|Tecnologias e Artes;Crianças;Pompeia
1254223;https://www.sescsp.org.br/programacao/omokekere-5;Omokekerê;;Encontros e Palestras|Ações para a Cidadania;Crianças;Pompeia
1264391;https://www.sescsp.org.br/programacao/voce-gosta-de-pedalar;Você gosta de pedalar?;;Esporte e Atividade Física;Diversas idades;Pompeia
1238381;https://www.sescsp.org.br/programacao/laboratorio-digital-para-a-pessoa-idosa-seguranca-digital;Laboratório Digital para a Pessoa Idosa - Segurança Digital;;Cursos e Oficinas|Tecnologias e Artes;Pessoas idosas;Pompeia
920703;https://www.sescsp.org.br/programacao/esporte-adulto-clube-do-basquete-5;Esporte Adulto - Clube do Basquete;;Esporte e Atividade Física|Programa Sesc de Esportes;Adulto;Pompeia
1257584;https://www.sescsp.org.br/programacao/entre-fio-gesto-e-insurgencia;Entre Fio, Gesto e Insurgência;;Cursos e Oficinas|Tecnologias e Artes;Diversas idades;Pompeia
1251759;https://www.sescsp.org.br/programacao/kl-jay-e-familia-2;KL Jay E Família;;Shows, Espetáculos e Performances|Música;Diversas idades;Pompeia
1267799;https://www.sescsp.org.br/programacao/pupillo-2;Pupillo;;Shows, Espetáculos e Performances|Música;Jovens|Adulto|Diversas idades;Pompeia
1265252;https://www.sescsp.org.br/programacao/alulu-rj;Alulu (RJ);;Shows, Espetáculos e Performances|Música;Jovens|Adulto|Diversas idades;Pompeia
1263412;https://www.sescsp.org.br/programacao/projeto-tirante-laboratorio-de-pesquisa-corpo-e-arquitetura;Projeto Tirante | Laboratório de Pesquisa | Corpo e Arquitetura;;Cursos e Oficinas|Dança;Jovens|Adulto;Pompeia
1265253;https://www.sescsp.org.br/programacao/pepe-rivero-2;Pepe Rivero;;Shows, Espetáculos e Performances|Música;Jovens|Adulto;Pompeia
1265254;https://www.sescsp.org.br/programacao/black-pantera-20;Black Pantera;;Shows, Espetáculos e Performances|Música;Jovens|Adulto;Pompeia
1246387;https://www.sescsp.org.br/programacao/marcenaria-intuitiva-ideias-que-brotam;Marcenaria Intuitiva: Ideias que brotam*;;Cursos e Oficinas|Tecnologias e Artes;Jovens|Adulto;Pompeia
1257933;https://www.sescsp.org.br/programacao/canoagem-no-rio-jaguareguava-5;Canoagem no Rio Jaguareguava;;Turismo Social;Diversas idades;Pompeia
1267833;https://www.sescsp.org.br/programacao/jadsa-maria-beraldo-e-thalin;Jadsa, Maria Beraldo e Thalin;;Shows, Espetáculos e Performances|Música;Jovens|Adulto|Diversas idades;Pompeia
1246237;https://www.sescsp.org.br/programacao/laboratorio-pb-iniciante-para-fotografos;Laboratório PB Iniciante para fotógrafos;;Encontros e Palestras|Tecnologias e Artes;Adulto;Pompeia
1246247;https://www.sescsp.org.br/programacao/aquarela-poetica-da-cor-fluida-2;Aquarela: Poética da Cor Fluida;;Cursos e Oficinas|Tecnologias e Artes;Jovens|Adulto;Pompeia
1262285;https://www.sescsp.org.br/programacao/monstro-tenho-sonhado-com-homens;MONSTRO - tenho sonhado com homens;;Shows, Espetáculos e Performances|Teatro;Adulto;Pompeia
1246368;https://www.sescsp.org.br/programacao/um-macacao-para-chamar-de-meu;Um macacão para chamar de meu;;Cursos e Oficinas|Tecnologias e Artes;Adulto;Pompeia
1257964;https://www.sescsp.org.br/programacao/brincadeiras-no-galpao-dos-bonecos;Brincadeiras no Galpão dos Bonecos;;Turismo Social;Crianças|Diversas idades;Pompeia
1262287;https://www.sescsp.org.br/programacao/encontro-de-gigantes-3;Encontro de Gigantes;;Shows, Espetáculos e Performances|Teatro|Circo;Crianças|Diversas idades;Pompeia
1246278;https://www.sescsp.org.br/programacao/xilao-xilogravura-em-grande-formato;Xilão! - Xilogravura em Grande Formato;;Cursos e Oficinas|Tecnologias e Artes;Adulto;Pompeia
920768;https://www.sescsp.org.br/programacao/esporte-adulto-iniciacao-futsal-feminino;Esporte Adulto - Iniciação Futsal Feminino;;Esporte e Atividade Física|Programa Sesc de Esportes;Adulto;Pompeia
1246321;https://www.sescsp.org.br/programacao/intervencoes-e-contrastes-na-fotografia-preto-e-branco-intermediario-2;Intervenções e Contrastes na Fotografia Preto e Branco - Intermediário;;Cursos e Oficinas|Tecnologias e Artes;Adulto;Pompeia
1246314;https://www.sescsp.org.br/programacao/criacao-e-costura-de-calca-jeans-autoral;Criação e Costura de Calça Jeans Autoral;;Cursos e Oficinas|Tecnologias e Artes;Adulto;Pompeia
1262941;https://www.sescsp.org.br/programacao/origens-da-fotografia-praticas-de-impressao-e-colorizacao-manual;Origens da Fotografia: Práticas de impressão e colorização manual;;Cursos e Oficinas|Tecnologias e Artes;Adulto;Pompeia
1246347;https://www.sescsp.org.br/programacao/pequenas-pecas-para-comecar;Pequenas peças para começar;;Cursos e Oficinas|Tecnologias e Artes;Jovens|Adulto;Pompeia
1246384;https://www.sescsp.org.br/programacao/introducao-a-tecelagem-6;Introdução à tecelagem;;Cursos e Oficinas|Tecnologias e Artes;Adulto;Pompeia
1154003;https://www.sescsp.org.br/programacao/praticas-aquaticas-6-a-12-anos-10;Práticas Aquáticas | 6 a 12 anos;;Esporte e Atividade Física|Práticas Aquáticas;Crianças;Pompeia
1257965;https://www.sescsp.org.br/programacao/historias-vinhos-e-alcachofras-2;Histórias, Vinhos e Alcachofras;;Turismo Social;Adulto;Pompeia
1246268;https://www.sescsp.org.br/programacao/xilogravura-e-figura-humana;Xilogravura e Figura Humana;;Cursos e Oficinas|Tecnologias e Artes;Adulto;Pompeia
1267328;https://www.sescsp.org.br/programacao/palestra-xica-manicongo;Palestra: Xica Manicongo;;Encontros e Palestras|Literatura;Jovens|Adulto|Pessoas idosas|Diversas idades;Pompeia
1266692;https://www.sescsp.org.br/programacao/mulheres-negras-e-ludicidade-jogos-mediacao-e-oficina-formativa;Mulheres Negras e Ludicidade - Jogos, Mediação e Oficina Formativa;;Encontros e Palestras|Literatura;Jovens|Adulto|Pessoas idosas|Diversas idades;Pompeia
1261691;https://www.sescsp.org.br/programacao/laboratorio-de-tipografia-urbana;Laboratório de Tipografia Urbana;;Cursos e Oficinas|Tecnologias e Artes;Diversas idades;Pompeia
1262778;https://www.sescsp.org.br/programacao/o-barco-de-grada-kilomba;O Barco, de Grada Kilomba;;Exposições;Crianças|Jovens|Adulto|Pessoas idosas|Diversas idades;Pompeia
1246274;https://www.sescsp.org.br/programacao/escultura-figurativa-modelagem-da-figura-humana-avancado;Escultura figurativa - Modelagem da Figura Humana - Avançado;;Cursos e Oficinas|Tecnologias e Artes;Adulto;Pompeia
1263426;https://www.sescsp.org.br/programacao/projeto-tirante-material-bruto;Projeto Tirante | Material Bruto;;Shows, Espetáculos e Performances|Dança;Diversas idades;Pompeia
1246328;https://www.sescsp.org.br/programacao/tecelagem-artistica-avancada-2;Tecelagem artística avançada;;Cursos e Oficinas|Tecnologias e Artes;Adulto;Pompeia
1154145;https://www.sescsp.org.br/programacao/esporte-adulto-clube-do-futebol-socaite-a-partir-de-16-anos;Esporte Adulto - Clube do Futebol Soçaite;;Esporte e Atividade Física|Programa Sesc de Esportes;Adulto;Pompeia
1240296;https://www.sescsp.org.br/programacao/atelie-aberto-de-tecnologias-e-artes-escultura;Ateliê Aberto de Tecnologias e Artes - Escultura;;Cursos e Oficinas|Tecnologias e Artes;Diversas idades;Pompeia
1262302;https://www.sescsp.org.br/programacao/tertulia-e-o-fantastico-circo-de-pulgas;Tertulia e o Fantástico Circo de Pulgas;;Shows, Espetáculos e Performances|Circo;Crianças|Diversas idades;Pompeia
1266647;https://www.sescsp.org.br/programacao/consolacao-e-suas-vozes-2;Consolação e Suas Vozes;;Turismo Social;Jovens|Adulto|Diversas idades;Pompeia
1246282;https://www.sescsp.org.br/programacao/joalheria-contemporanea;Joalheria Contemporânea;;Cursos e Oficinas|Tecnologias e Artes;Adulto;Pompeia
1246294;https://www.sescsp.org.br/programacao/arte-e-conhecimento-pistas-para-um-olhar-complexo-e-sistemico;Arte e Conhecimento: Pistas Para um Olhar Complexo e Sistêmico;;Cursos e Oficinas|Tecnologias e Artes;Adulto;Pompeia
1246371;https://www.sescsp.org.br/programacao/tecelagem-intermediario-3;Tecelagem Intermediário;;Cursos e Oficinas|Tecnologias e Artes;Jovens|Adulto;Pompeia
1246376;https://www.sescsp.org.br/programacao/fotografia-sem-camera-fotogramas-watergram-quimigramas-e-lumen-prints-2;Fotografia sem câmera: fotogramas, watergram, quimigramas e lumen prints;;Cursos e Oficinas|Tecnologias e Artes;Adulto;Pompeia
920900;https://www.sescsp.org.br/programacao/esporte-jovem-voleibol-13-a-16-anos;Esporte Jovem - Voleibol;;Esporte e Atividade Física|Programa Sesc de Esportes;Jovens;Pompeia
1246392;https://www.sescsp.org.br/programacao/praticas-de-revelacao-fotografica-com-metodos-alternativos;Práticas de Revelação Fotográfica com métodos Alternativos*;;Cursos e Oficinas|Tecnologias e Artes;Jovens|Adulto;Pompeia
1246242;https://www.sescsp.org.br/programacao/livro-livre-experiencias-em-gravura-e-livro-de-artista;LIVRO-LIVRE: Experiências em gravura e livro de artista;;Cursos e Oficinas|Tecnologias e Artes;Adulto;Pompeia
1246253;https://www.sescsp.org.br/programacao/laboratorio-analogico-pb-avancado;Laboratório Analógico PB -Avançado*;;Cursos e Oficinas|Tecnologias e Artes;Adulto;Pompeia
1246239;https://www.sescsp.org.br/programacao/corpo-e-costura-oficina-de-corset;*Corpo e Costura - Oficina de Corset;;Cursos e Oficinas|Tecnologias e Artes;Jovens|Adulto;Pompeia
1246365;https://www.sescsp.org.br/programacao/marchetaria-macica-avancado;Marchetaria Maciça -  Avançado;;Cursos e Oficinas|Tecnologias e Artes;Adulto;Pompeia
1266653;https://www.sescsp.org.br/programacao/afroturistando-em-parelheiros-nos-caminhos-da-escritora-carolina-maria-de-jesus-3;Afroturistando em Parelheiros: nos caminhos da escritora Carolina Maria de Jesus;;Turismo Social;Diversas idades;Pompeia
1251689;https://www.sescsp.org.br/programacao/florescer-2;Florescer;;Cursos e Oficinas|Ações para a Cidadania;Pessoas idosas;Pompeia
1262917;https://www.sescsp.org.br/programacao/panelas-e-potes-de-barro-avancado;Panelas e potes de barro - Avançado;;Cursos e Oficinas|Tecnologias e Artes;Adulto;Pompeia
1246356;https://www.sescsp.org.br/programacao/ceramica-criativa-avancado;Cerâmica criativa - Avançado;;Cursos e Oficinas|Tecnologias e Artes;Adulto;Pompeia
1246285;https://www.sescsp.org.br/programacao/projetos-em-tecelagem-avancado;Projetos em tecelagem [avançado]*;;Encontros e Palestras|Tecnologias e Artes;Jovens|Adulto;Pompeia
1246332;https://www.sescsp.org.br/programacao/tecnicas-tradicionais-de-marcenaria-avancado;Técnicas tradicionais de marcenaria - Avançado;;Cursos e Oficinas|Tecnologias e Artes;Adulto;Pompeia
1263434;https://www.sescsp.org.br/programacao/batuco;Batuco;;Cursos e Oficinas|Ações para a Cidadania;Pessoas idosas;Pompeia
1246221;https://www.sescsp.org.br/programacao/a-monotipia-como-principio;A monotipia como princípio;;Cursos e Oficinas|Tecnologias e Artes;Adulto;Pompeia
1262933;https://www.sescsp.org.br/programacao/ceramica-e-ancestralidade-avancado;Cerâmica e ancestralidade - Avançado;;Cursos e Oficinas|Tecnologias e Artes;Adulto;Pompeia
1262944;https://www.sescsp.org.br/programacao/introducao-a-aquarela-botanica-com-as-plantas-de-axe;Introdução à aquarela botânica com as plantas de axé;;Cursos e Oficinas|Tecnologias e Artes;Jovens|Adulto;Pompeia
1247725;https://www.sescsp.org.br/programacao/atelie-aberto-processos-e-procedimentos-em-gravura-3;Ateliê Aberto - Processos e Procedimentos em Gravura;;Cursos e Oficinas|Tecnologias e Artes;Adulto;Pompeia
1111879;https://www.sescsp.org.br/programacao/esporte-crianca-3-a-6-anos-18;Esporte Criança | 3 a 6 anos;Esporte e Atividade Física|esporte criança (3 a 6);;;Pompeia
920778;https://www.sescsp.org.br/programacao/esporte-adulto-triatlo-4;Esporte Adulto - Triatlo;;Esporte e Atividade Física|Programa Sesc de Esportes;Adulto;Pompeia
1154220;https://www.sescsp.org.br/programacao/esporte-adulto-clube-do-voleibol-terca-18h30-quinta-18h30-a-partir-de-16-anos;Esporte Adulto | Clube do Voleibol;;Esporte e Atividade Física|Programa Sesc de Esportes;Jovens;Pompeia
1153904;https://www.sescsp.org.br/programacao/manha-zen-6;Manhã Zen;Esporte e Atividade Física|aula aberta;;;Pompeia
920683;https://www.sescsp.org.br/programacao/esporte-adulto-badminton-6;Esporte Adulto - Badminton;;Esporte e Atividade Física|Programa Sesc de Esportes;Adulto;Pompeia
1154179;https://www.sescsp.org.br/programacao/esporte-crianca-6-a-10-anos-terca-09h-quinta-09h;Esporte Criança | 6 a 10 anos;;Esporte e Atividade Física|Programa Sesc de Esportes;Crianças;Pompeia
1154187;https://www.sescsp.org.br/programacao/esporte-jovem-10-a-13-anos-terca-14h30-quinta-14h30;Esporte Jovem | 10 a 13 anos;;Esporte e Atividade Física|Programa Sesc de Esportes;Jovens;Pompeia
920756;https://www.sescsp.org.br/programacao/esporte-adulto-iniciacao-ao-handebol-2;Esporte Adulto - Iniciação ao Handebol;;Esporte e Atividade Física|Programa Sesc de Esportes;Adulto;Pompeia
920750;https://www.sescsp.org.br/programacao/esporte-adulto-iniciacao-ao-basquete-feminino-2;Esporte Adulto - Iniciação ao Basquete Feminino;;Esporte e Atividade Física|Programa Sesc de Esportes;Adulto;Pompeia
920775;https://www.sescsp.org.br/programacao/esporte-adulto-iniciacao-voleibol;Esporte Adulto - Iniciação Voleibol;;Esporte e Atividade Física|Programa Sesc de Esportes;Adulto;Pompeia
920927;https://www.sescsp.org.br/programacao/esporte-para-pessoas-idosas-8;Esporte para Pessoas Idosas;;Esporte e Atividade Física|Programa Sesc de Esportes;Pessoas idosas;Pompeia
920671;https://www.sescsp.org.br/programacao/esporte-adulto-clube-da-corrida-11;Esporte Adulto - Clube da Corrida;;Esporte e Atividade Física|Programa Sesc de Esportes;Adulto;Pompeia
920892;https://www.sescsp.org.br/programacao/esporte-jovem-futebol-socaite-13-a-16-anos-2;Esporte Jovem - Futebol Soçaite - 13 a 16 anos;;Esporte e Atividade Física|Programa Sesc de Esportes;Jovens;Pompeia
